id,english_name,spanish_name,category,subtype,role_in_story,logline_usage,dramatic_function,arc_phase_affinity,scene_type_affinity,primary_genres,secondary_genres,tone_seriousness,tone_darkness,tone_stylization,humor_presence,emotional_core,moral_axis,character_change_potential,narrative_scale,conflict_type,stakes_level,default_periods,default_settings,period_flexibility,worldbuilding_requirement,sensitivity_tags,rating_floor,hays_code_relevant,professional_notes,examples_reference,script_usage_notes,production_implications,source,curation_status,tags_engine,priority_for_generation,version
ACCIDENTAL_HERO,Accidental Hero,Héroe accidental,PROTAGONIST,heroic_archetype,protagonist,"Una persona corriente se ve obligada a convertirse en héroe tras un incidente inesperado.","Crear identificación y arco de crecimiento; convertir un personaje cotidiano en figura heroica.",setup;inciting_incident;first_plot_point;midpoint;climax,confrontation;action_setpiece;intimate_dialogue,DRAMA;ACTION,DRAMEDY;ACTION_COMEDY,4,3,naturalistic,light,"hope;fear","justice_vs_injustice;self_vs_community",major,personal;community,internal;relational;social,4,20th_century;contemporary,MODERN_AMERICAN_CITY;MODERN_EUROPEAN_CITY,high,low,"","PG-13",false,"Arquetipo central de cine comercial; ideal para historias high-concept donde la audiencia se proyecta en el protagonista.","","Presentar pronto la normalidad del personaje para que la transformación heroica se sienta ganada.","Puede requerir escenas de acción y extras; presupuesto medio según escala de set pieces.",game_data;script_theory_extended,validated,"hero;ordinary_person;growth_arc",0.8,1
AMBITIOUS_WOMAN,Ambitious Woman,Mujer ambiciosa,PROTAGONIST,heroic_archetype,protagonist,"Una mujer que lucha contra estructuras sociales o profesionales para alcanzar sus metas.","Explorar conflicto entre ambición personal y presión social; abordar temas de género y poder.",setup;first_plot_point;midpoint;second_plot_point,Intimate_dialogue;confrontation;revelation,DRAMA,DRAMEDY,4,3,naturalistic,light,"desire;frustration","self_vs_community;freedom_vs_oppression",major,personal;social,internal;social;institutional,3,20th_century;contemporary,MODERN_EUROPEAN_CITY;MODERN_AMERICAN_CITY,high,low,"","PG-13",false,"Protagonista habitual en dramas contemporáneos y cine independiente; potente para historias de ascenso profesional.","","Definir obstáculos concretos (techo de cristal, normas familiares) y cómo las decisiones de la protagonista los confrontan.","Presupuesto bajo-medio; se apoya en reparto y localizaciones realistas.",script_theory_extended,validated,"ambition;gender;social_drama",0.75,1
ATTORNEY,Attorney,Abogado,PROTAGONIST,professional_lead,protagonist;"supporting","Un abogado se implica en un caso que pone a prueba su ética y sus lealtades.","Servir de vehículo para debates morales y sociales; encarnar el conflicto entre ley y justicia.",first_plot_point;midpoint;second_plot_point;climax,confrontation;revelation;courtroom_scene,DRAMA;THRILLER,LEGAL_DRAMA,4,3,naturalistic,none,"anger;hope","justice_vs_injustice;honesty_vs_corruption",major,community;national,internal;institutional;social,4,20th_century;contemporary,MODERN_AMERICAN_CITY;MODERN_EUROPEAN_CITY,high,low,"","PG-13",false,"Elemento típico de dramas legales; permite estructura clara de confrontaciones en sala de juicio.","","Asegurar que los casos tengan implicaciones personales para el protagonista, no solo técnicas.","Requiere decorados de juzgado y elenco amplio de secundarios; presupuesto medio.",game_data;script_theory_extended,validated,"legal;justice;courtroom",0.7,1
BOUNTY_HUNTER,Bounty Hunter,Cazarrecompensas,PROTAGONIST,antihero,protagonist;"antagonist","Un cazarrecompensas pragmático se ve envuelto en un conflicto mayor que su objetivo inicial.","Explorar moralidad ambigua y posible redención; servir como figura de acción movida por recompensa.",first_plot_point;midpoint;second_plot_point;climax,action_setpiece;confrontation;thrilling_chase,ACTION;WESTERN,THRILLER,4,4,heightened_stylized,light,"greed;survival","law_vs_crime;self_vs_community",major,community;national,warfare;social,4,19th_century;20th_century;near_future,WILD_WEST;DYSTOPIAN_FUTURISTIC_CITY;SPACE,medium,medium,"violence","R",true,"Arquetipo clásico en western y acción; funciona bien como protagonista o antagonista según el enfoque.","","Mostrar su código personal (aunque sea limitado) para que el público entienda sus líneas rojas.","Set pieces de persecución y enfrentamientos armados; presupuesto medio-alto.",game_data;script_theory_extended,validated,"antihero;western;action",0.7,1
BROTHERS_IN_ARMS,Brothers in Arms,Hermanos de armas,PROTAGONIST,ensemble,ensemble;"supporting","Un grupo de combatientes comparte un conflicto bélico que pondrá a prueba su lealtad y humanidad.","Crear historias coral de camaradería y sacrificio; ofrecer múltiples puntos de vista sobre la guerra.",setup;first_plot_point;midpoint;climax,action_setpiece;confrontation;montage,DRAMA;WAR,WAR_DRAMA,4,4,naturalistic;heightened_stylized,light,"fear;hope","duty_vs_desire;freedom_vs_oppression",major,community;national,warfare;internal,5,20th_century,GREAT_WAR;WW2_EUROPE;WW2_PACIFIC;WW2_AFRICA,medium,high,"war","R",true,"Ideal para narrativas bélicas corales; permite explorar diferentes arcos personales dentro de un mismo conflicto.","","Dar a cada miembro un rasgo distintivo para evitar anonimato; equilibrar escenas de batalla con momentos íntimos.","Alto número de extras, efectos y localizaciones; presupuesto alto.",game_data;script_theory_extended,validated,"war;ensemble;camaraderie",0.8,1
CHARISMATIC_CRIMINAL,Charismatic Criminal,Criminal carismático,PROTAGONIST,antihero,protagonist;"antagonist","Un delincuente encantador atrae al público pese a sus actos moralmente cuestionables.","Explorar ambigüedad moral; generar tensión entre simpatía del público y gravedad de los crímenes.",setup;first_plot_point;midpoint;second_plot_point;climax,confrontation;revelation;action_setpiece;intimate_dialogue,DRAMA;THRILLER,CRIME_DRAMA,4,4,heightened_stylized,light,"desire;pride","honesty_vs_corruption;self_vs_community",major,community;national,relational;social;institutional,4,20th_century;contemporary,MODERN_AMERICAN_CITY;MODERN_EUROPEAN_CITY,medium,low,"crime","R",false,"Útil para historias centradas en crimen organizado o heists; requiere gestionar la identificación del espectador sin glorificar el delito.","","Definir consecuencias claras para los actos del personaje; evitar glamurizar el delito sin crítica.","Rodajes urbanos, reparto amplio y posibles set pieces complejos; presupuesto medio-alto.",game_data;script_theory_extended,validated,"antihero;crime;heist",0.75,1
CITY_MOUSE,City Mouse,Forastero en la ciudad,PROTAGONIST,fish_out_of_water,protagonist,"Un forastero llega a la gran ciudad y debe adaptarse a un entorno desconocido.","Usar choque cultural para generar comedia o drama; mostrar transformación del personaje frente al entorno.",setup;inciting_incident;first_plot_point;midpoint,Intimate_dialogue;comic_relief;confrontation,COMEDY;DRAMA,DRAMEDY,3,2,naturalistic,light,"fear;curiosity","self_vs_community",major,personal;community,internal;social,3,20th_century;contemporary,MODERN_AMERICAN_CITY;MODERN_EUROPEAN_CITY,high,low,"","PG-13",false,"Arquetipo fish-out-of-water clásico; ideal para historias de ciudad/pueblo, migración o ascenso profesional.","","Aprovechar el contraste entre expectativas del personaje y realidad urbana para momentos tanto cómicos como dramáticos.","Presupuesto bajo-medio; requiere localizaciones urbanas reconocibles.",script_theory_extended,validated,"fish_out_of_water;urban;coming_of_age",0.7,1
CLUMSY_OAF,Clumsy Oaf,Torpe entrañable,PROTAGONIST,comic_lead,protagonist;"supporting","Un personaje torpe pero de buen corazón provoca situaciones cómicas mientras intenta hacer lo correcto.","Proporcionar alivio cómico y momentos de humanidad; puede crecer hacia un acto heroico inesperado.",setup;midpoint,comic_relief;slapstick,COMEDY,SLAPSTICK_COMEDY,2,1,heightened_stylized,central,"joy;embarrassment","self_vs_community",minor;major,personal,internal;relational,2,20th_century;contemporary,MODERN_AMERICAN_CITY;MODERN_EUROPEAN_CITY,high,low,"","PG",false,"Funciona bien como protagonista en comedia o secundario en historias más serias; debe equilibrarse para no saturar el tono.","","Utilizar la torpeza para revelar vulnerabilidad y generar empatía, no solo para gag vacío.","Presupuesto bajo; se apoya en interpretación física y coreografía de gags.",script_theory_extended,validated,"comedy;slapstick;lovable",0.6,1
COP,Cop,Policía,PROTAGONIST,professional_lead,protagonist;"supporting","Un agente de policía se enfrenta a un caso o situación que desborda sus capacidades habituales.","Encarnar la tensión entre orden institucional y realidad de la calle; útil para thrillers y dramas sociales.",first_plot_point;midpoint;second_plot_point;climax,action_setpiece;confrontation;revelation,THRILLER;ACTION,CRIME_DRAMA,4,3,naturalistic;heightened_stylized,light,"fear;anger","law_vs_crime;freedom_vs_oppression",major,community;national,warfare;institutional;social,4,20th_century;contemporary,MODERN_AMERICAN_CITY;MODERN_EUROPEAN_CITY,high,low,"violence","PG-13;R",true,"Elemento central en policiales; facilita estructura de investigación y enfrentamiento directo con antagonistas criminales.","","Mostrar la vida personal del policía para humanizarlo y dar profundidad más allá del uniforme.","Rodajes urbanos, seguimiento de vehículos y posibles escenas de acción; presupuesto medio.",game_data;script_theory_extended,validated,"police;crime;investigation",0.75,1
COWBOY,Cowboy,Vaquero,PROTAGONIST,heroic_archetype,protagonist;"antihero","Un vaquero solitario navega conflictos de frontera y justicia en un entorno duro.","Representar individualismo, frontera y códigos personales de honor; ideal para historias de western y reinterpretaciones modernas.",setup;first_plot_point;midpoint;climax,confrontation;action_setpiece,WESTERN;DRAMA,ACTION,4,3,heightened_stylized,light,"loneliness;pride","justice_vs_injustice;freedom_vs_oppression",major,community,warfare;social,4,19th_century;20th_century,WILD_WEST;MODERN_AMERICAN_COUNTRYSIDE;FEUDAL_JAPAN,medium,medium,"violence","PG-13;R",true,"Arquetipo icónico del western; puede trasladarse metafóricamente a otros contextos (policía solitario, samurái, etc.).","","Definir su relación con la comunidad (forastero vs protector) para orientar la moral del relato.","Puede requerir exteriores rurales amplios, caballos y elementos de producción de época; presupuesto variable.",game_data;script_theory_extended,validated,"western;frontier;loner",0.7,1
CYNIC,Cynic,Cínico,PROTAGONIST,character_type,protagonist;"supporting","Un personaje desencantado que no cree en nada se ve forzado a implicarse en el conflicto.","Ofrecer perspectiva crítica y resistirse a la esperanza, para luego permitir posible transformación hacia compromiso.",setup;midpoint;second_plot_point,Intimate_dialogue;confrontation,DRAMA,DRAMEDY,4,3,naturalistic,light,"resentment;apathy","hope_vs_despair;self_vs_community",major,personal;social,internal,3,20th_century;contemporary,MODERN_EUROPEAN_CITY;MODERN_AMERICAN_CITY,high,low,"","PG-13",false,"Arquetipo útil para dramas y thrillers; su evolución hacia la acción o la empatía da peso al climax.","","Evitar mantenerlo cínico hasta el final sin matices; modular su transformación para que parezca orgánica.","Presupuesto bajo; centrado en interpretación y diálogos.",script_theory_extended,validated,"cynicism;arc_of_faith;drama",0.65,1
DARING_ADVENTURER,Daring Adventurer,Aventurero audaz,PROTAGONIST,heroic_archetype,protagonist,"Un aventurero en busca de emociones y descubrimientos se lanza a una misión peligrosa.","Ser motor de acción y exploración; ideal para historias de viaje y búsqueda.",setup;inciting_incident;first_plot_point;midpoint;climax,ACTION_setpiece;thrilling_chase;exploration,ADVENTURE;ACTION,FANTASY;SCIENCE_FICTION,4,3,heightened_stylized,light,"excitement;curiosity","self_vs_community",minor;major,community;global,warfare;exploration,4,ancient;20th_century;near_future,ANCIENT_EGYPT;FANTASY_KINGDOM;SPACE;TROPICAL_ISLAND,high,medium,"violence","PG-13",false,"Protagonista típico de aventuras; necesita objetivos claros y obstáculos variados.","","Combinar deseos personales (reconocimiento, curiosidad) con responsabilidad para crear dilemas.","Localizaciones variadas, posibles efectos y secuencias de acción; presupuesto medio-alto.",script_theory_extended,validated,"adventure;explorer;quest",0.8,1
DETECTIVE,Detective,Detective,PROTAGONIST,investigator,protagonist;"supporting","Un investigador sigue pistas para resolver un crimen o misterio complejo.","Estructurar la narrativa alrededor del misterio; canalizar la revelación progresiva de información.",setup;first_plot_point;midpoint;second_plot_point;climax,investigation;revelation;confrontation,DETECTIVE;THRILLER,CRIME_DRAMA,4,3,naturalistic;heightened_stylized,none,"curiosity;frustration","honesty_vs_corruption;justice_vs_injustice",major,community;national,internal;social;institutional,4,20th_century;contemporary,MODERN_AMERICAN_CITY;MODERN_EUROPEAN_CITY,high,low,"crime","PG-13;R",false,"Elemento central en policiacos y noir; su subjetividad puede modular el tono (más cínico o más idealista).","","Cuidar la lógica del caso y el ritmo de revelación para evitar deus ex machina.","Requiere diseño de pistas, decorados variados y reparto de sospechosos; presupuesto medio.",game_data;script_theory_extended,validated,"detective;noir;mystery",0.8,1
DIS_IDEALIST,Disillusioned Idealist,Idealista desengañado,PROTAGONIST,character_type,protagonist,"Un idealista que ha perdido la fe debe decidir si vuelve a luchar por sus principios.","Explorar pérdida y posible recuperación de la fe en algo (institución, persona, causa).",setup;midpoint;second_plot_point;climax,Intimate_dialogue;confrontation,DRAMA,DRAMEDY,4,3,naturalistic,none,"despair;hope","hope_vs_despair;self_vs_community",major,personal;social,internal,3,20th_century;contemporary,MODERN_EUROPEAN_CITY;MODERN_AMERICAN_CITY,high,low,"","PG-13",false,"Funciona bien en dramas políticos, románticos o de guerra; conecta con finales de redención.","","Introducir el momento clave en que se rompe el ideal para que la posible recuperación tenga peso.","Presupuesto bajo-medio; basado en diálogos y decisiones dramáticas.",script_theory_extended,validated,"idealism;loss_of_faith;redemption",0.7,1
FARM_GIRL,Farm Girl,Chica del campo,PROTAGONIST,fish_out_of_water,protagonist;"supporting","Una joven del campo se enfrenta a cambios al abandonar o defender su entorno rural.","Contrastar inocencia y vida sencilla con complejidad urbana o social; útil para coming of age.",setup;first_plot_point;midpoint,Intimate_dialogue;comic_relief;confrontation,DRAMA;ROMANCE,DRAMEDY,3,2,naturalistic,light,"hope;fear","self_vs_community",major,personal;family,internal;social,3,20th_century;contemporary,MODERN_AMERICAN_COUNTRYSIDE;MODERN_EUROPEAN_COUNTRYSIDE,high,low,"","PG-13",false,"Buen vehículo para historias de transición vital y choque ciudad/pueblo.","","Usar la mirada de la protagonista para mostrar belleza y dureza del entorno rural.","Presupuesto bajo; localizaciones rurales y reparto limitado.",script_theory_extended,validated,"rural;coming_of_age;contrast_city_country",0.65,1
HOPELESS_ROMANTIC,Hopeless Romantic,Romántico empedernido,PROTAGONIST,romantic_lead,protagonist;"supporting","Un personaje cree profundamente en el amor pese a repetidos fracasos.","Sostener tramas románticas y ofrecer vulnerabilidad; generar empatía en comedia o drama.",setup;first_plot_point;midpoint;climax,Intimate_dialogue;comic_relief,ROMANCE;COMEDY,DRAMEDY,3,2,naturalistic,light,"longing;joy","self_vs_community",major,personal,internal;relational,2,20th_century;contemporary,MODERN_AMERICAN_CITY;MODERN_EUROPEAN_CITY,high,low,"","PG-13",false,"Arquetipo central en comedias románticas; puede ser protagonista o secundario clave.","","Balancear idealismo con momentos de realidad para evitar que parezca ingenuo sin matices.","Presupuesto bajo; centrado en química entre intérpretes y localizaciones cotidianas.",script_theory_extended,validated,"romance;idealism;love",0.8,1
JOURNALIST,Journalist,Periodista,PROTAGONIST,investigator,protagonist;"supporting","Un periodista destapa una trama de corrupción o una verdad incómoda.","Servir de vector para historias sobre verdad, poder y ética profesional.",first_plot_point;midpoint;second_plot_point;climax,investigation;revelation;confrontation,DRAMA;THRILLER,POLITICAL_DRAMA,4,3,naturalistic,none,"curiosity;indignation","honesty_vs_corruption;freedom_vs_oppression",major,community;national,internal;social;institutional,4,20th_century;contemporary,MODERN_AMERICAN_CITY;MODERN_EUROPEAN_CITY,high,low,"","PG-13",false,"Elemento clave en thrillers políticos y dramas periodísticos; ofrece narrativa de investigación sin armas.","","Cuidar fuentes, filtraciones y riesgos personales del periodista para dar tensión real.","Presupuesto medio; localizaciones de redacción, oficinas, espacios públicos.",game_data;script_theory_extended,validated,"journalism;investigation;politics",0.75,1
KNIGHT,Knight,Caballero,PROTAGONIST,heroic_archetype,protagonist;"mentor","Un héroe guiado por un código moral estricto, dispuesto a sacrificarse por el bien común.","Encarnar valores de honor, justicia y sacrificio; servir como eje ético de la historia.",setup;first_plot_point;midpoint;climax,confrontation;action_setpiece;intimate_dialogue,DRAMA;ACTION,HISTORICAL;FANTASY,4,4,heightened_stylized,none,"hope;honor","justice_vs_injustice;duty_vs_desire",major,community;national;global,internal;warfare;social,4,Middle_Ages;20th_century;contemporary,MIDDLE_AGES;FANTASY_KINGDOM;WW2_EUROPE;MODERN_EUROPEAN_CITY,high,medium,"war","PG-13;R",true,"Arquetipo clásico trasladable a cualquier época como 'paladín' moderno; útil como protagonista o figura de mentor.","","Clarificar el código moral desde el inicio; usar sus conflictos entre deber y deseo para dar peso dramático.","Puede exigir coreografías de combate y diseño de producción específico (armas, uniformes, símbolos).",game_data;script_theory_extended,validated,"hero;code_of_honor;war",0.85,1
LAST_SURVIVOR,Last Survivor,Último superviviente,PROTAGONIST,tragic_hero,protagonist,"El último superviviente de un grupo debe afrontar el trauma y decidir cómo seguir adelante.","Explorar temas de culpa, resiliencia y responsabilidad; alto potencial dramático en horror y guerra.",midpoint;second_plot_point;climax,confrontation;survival_sequence;intimate_dialogue,HORROR;DRAMA;WAR,THRILLER,4,5,naturalistic;heightened_stylized,none,"grief;fear","hope_vs_despair;self_vs_community",major,personal;community,internal;warfare,5,20th_century;contemporary;near_future,WW2_EUROPE;DYSTOPIAN_FUTURISTIC_CITY;SPACE,medium,medium,"violence","R",true,"Elemento intenso; mejor usado en historias donde el tono oscuro está asumido.","","Cuidar el equilibrio entre desesperación y posibilidad de sentido para evitar nihilismo plano.","Puede implicar rodajes duros en localizaciones hostiles; presupuesto medio-alto según entorno.",script_theory_extended,validated,"survival;trauma;war;horror",0.8,1
LOVEABLE_ROGUE,Loveable Rogue,Pícaro simpático,PROTAGONIST,antihero,protagonist;"supporting","Un transgresor encantador se gana el cariño del público pese a sus pequeñas o medianas faltas.","Aportar encanto y ambigüedad ligera; ideal para aventuras y comedias.","setup;first_plot_point;midpoint,comic_relief;confrontation;action_setpiece,ADVENTURE;COMEDY,DRAMEDY,3,2,heightened_stylized,light,"joy;pride","self_vs_community",minor;major,personal;community,relational;social,3,20th_century;contemporary;near_future,MODERN_AMERICAN_CITY;FANTASY_KINGDOM;SPACE,high,low,"","PG-13",false,"Muy útil para modular el tono de historias con componente de crimen o aventura.","","Mostrar códigos personales que lo diferencien de villanos puros; aprovechar su encanto para giros de trama.","Presupuesto variable; funciona en casi cualquier escala.",script_theory_extended,validated,"rogue;charming;antihero",0.8,1
OUTCAST,Outcast,Marginado,PROTAGONIST,character_type,protagonist;"supporting","Un marginado social lucha por encontrar su lugar o defender su identidad.","Tratar temas de rechazo, pertenencia y autoestima; muy apto para dramas y coming of age.",setup;first_plot_point;midpoint;climax,Intimate_dialogue;confrontation,DRAMA;ROMANCE,DRAMEDY,4,3,naturalistic,none,"loneliness;hope","self_vs_community;freedom_vs_oppression",major,personal;community,internal;social,3,20th_century;contemporary,MODERN_EUROPEAN_CITY;MODERN_AMERICAN_CITY,high,low,"","PG-13",false,"Elemento central en dramas de identidad y bullying; funciona bien como figura con la que el público empatiza.","","Visualizar el rechazo a través de escenas concretas; mostrar progresivamente la construcción de su red de apoyo.","Presupuesto bajo; se apoya en interpretación y pocas localizaciones.",script_theory_extended,validated,"outcast;identity;bullying",0.75,1
PILOT,Pilot,Piloto,PROTAGONIST,professional_lead,protagonist,"Un piloto se enfrenta a misiones de alto riesgo que ponen en juego vidas y objetivos mayores.","Aportar acción técnica y tensión; útil en guerra, ciencia ficción y dramas de catástrofe.",first_plot_point;midpoint;climax,action_setpiece;thrilling_chase,SCIENCE_FICTION;WAR;ACTION,THRILLER,4,3,heightened_stylized,none,"fear;responsibility","duty_vs_desire;self_vs_community",major,community;national;global,warfare;institutional,4,20th_century;near_future,WW2_EUROPE;SPACE;DYSTOPIAN_FUTURISTIC_CITY,medium,high,"war","PG-13;R",true,"Central en historias de combate aéreo y ciencia ficción; aporta espectacularidad visual.","","Usar cabina y comunicaciones como espacios dramáticos para interioridad del piloto.","Efectos especiales, decorados de cabina y posible uso de CGI; presupuesto alto.",game_data;script_theory_extended,validated,"pilot;air_combat;tech",0.75,1
PIRATE,Pirate,Pirata,PROTAGONIST,antihero,protagonist;"antagonist","Un pirata navega conflictos de libertad, lealtad y codicia en mares peligrosos.","Explorar ambigüedad moral y espíritu de aventura; ideal para historias marítimas.",setup;first_plot_point;midpoint;climax,action_setpiece;confrontation;comic_relief,ADVENTURE;ACTION,FANTASY;HISTORICAL,4,3,heightened_stylized,light,"excitement;greed","freedom_vs_oppression;law_vs_crime",major,community;global,warfare;social,4,17th_century;18th_century;fantasy,CARIBBEAN;TROPICAL_ISLAND;FANTASY_KINGDOM,medium,high,"violence","PG-13;R",true,"Arquetipo clásico de cine de aventuras; mezcla bien comedia ligera con acción.","","Definir código de tripulación y conflictos internos para dar profundidad más allá de saqueos.","Requiere barcos, exteriores marítimos o recreaciones; presupuesto alto.",game_data;script_theory_extended,validated,"pirate;sea;adventure",0.7,1
RETIRED_LEGEND,Retired Legend,Leyenda retirada,PROTAGONIST,heroic_archetype,protagonist;"mentor","Una antigua leyenda que se ha retirado es arrastrada de nuevo al conflicto.","Permite explorar temas de edad, legado y 'un último trabajo'; muy potente dramáticamente.",setup;first_plot_point;midpoint;climax,Intimate_dialogue;action_setpiece,DRAMA;ACTION,THRILLER,4,3,naturalistic;heightened_stylized,none,"regret;hope","duty_vs_desire;self_vs_community",major,personal;community,internal;warfare,4,20th_century;contemporary,MODERN_AMERICAN_CITY;WW2_EUROPE,high,medium,"violence","PG-13;R",false,"Buen recurso para dar peso a historias de acción tardías o dramas sobre legado.","","Mostrar claramente qué le hizo retirarse y por qué vuelve; usar su reputación para generar expectativas en otros personajes.","Puede requerir estilización de flashbacks y escenas de acción; presupuesto medio-alto.",script_theory_extended,validated,"retired;legend;one_last_job",0.8,1
SAILOR,Sailor,Marinero,PROTAGONIST,professional_lead,protagonist;"supporting","Un marinero vive conflictos personales y colectivos en entorno marítimo.","Servir de nexo entre lugares y culturas; ideal para relatos de viaje y aventura.","setup;throughline,establishing_shot;Intimate_dialogue;action_setpiece,ADVENTURE;DRAMA,FANTASY;WAR,3,3,naturalistic;heightened_stylized,light,"loneliness;hope","self_vs_community",minor;major,community;global,warfare;exploration,3,18th_century;20th_century;fantasy,CARIBBEAN;TROPICAL_ISLAND;FANTASY_KINGDOM,medium,medium,"war","PG-13",false,"Elemento versátil en historias marítimas; puede ser protagonista o secundario clave.","","Convertir el barco en microcosmos social para aumentar el interés dramático.","Necesita localizaciones marítimas o sets, puede elevar costes.",script_theory_extended,validated,"sea;voyage;crew",0.65,1
SECRET_AGENT,Secret Agent,Agente secreto,PROTAGONIST,professional_lead,protagonist,"Un espía se ve envuelto en juegos de poder, traición y misiones encubiertas.","Sostener thrillers de espionaje; mezclar acción con intriga política.",setup;first_plot_point;midpoint;second_plot_point;climax,action_setpiece;investigation;revelation;thrilling_chase,THRILLER;ACTION,SPY_GENRE,4,3,heightened_stylized,light,"fear;excitement","freedom_vs_oppression;honesty_vs_corruption",major,national;global,institutional;warfare;social,4,20th_century;near_future,MODERN_AMERICAN_CITY;DYSTOPIAN_FUTURISTIC_CITY;SPACE,medium,medium,"violence","PG-13;R",true,"Centro de historias de espionaje; requiere equilibrio entre complejidad de trama y claridad.","","Articular bien dobles lealtades y traiciones para evitar confusión excesiva.","Localizaciones múltiples, gadgets y secuencias de acción; presupuesto alto.",game_data;script_theory_extended,validated,"spy;espionage;thriller",0.8,1
SHERIFF,Sheriff,Alguacil,PROTAGONIST,professional_lead,protagonist;"supporting","Un alguacil mantiene el orden en una comunidad pequeña frente a amenazas crecientes.","Representar autoridad local y conflicto con fuerzas externas o internas.","setup;first_plot_point;climax,confrontation;action_setpiece,WESTERN;DRAMA,THRILLER,4,3,naturalistic;heightened_stylized,light,"fear;responsibility","justice_vs_injustice;self_vs_community",major,community,warfare;social;institutional,4,19th_century;20th_century;contemporary,WILD_WEST;MODERN_AMERICAN_TOWN,medium,medium,"violence","PG-13;R",true,"Personaje central en western y thrillers rurales; ideal para historias de 'cerco' o asedio.","","Definir claramente su relación con la comunidad y sus límites legales y personales.","Requiere localización de pueblo, extras y posible acción armada; presupuesto medio.",script_theory_extended,validated,"sheriff;lawman;small_town",0.7,1
SOLDIER,Soldier,Soldado,PROTAGONIST,professional_lead,protagonist;"supporting","Un soldado afronta el combate y sus consecuencias personales.","Explorar deber, trauma y moralidad en tiempos de guerra.",setup;first_plot_point;midpoint;climax,action_setpiece;Intimate_dialogue,DRAMA;WAR,THRILLER,4,4,naturalistic,heightened_stylized,none,"fear;guilt","duty_vs_desire;freedom_vs_oppression",major,community;national,warfare;internal,5,20th_century,GREAT_WAR;WW2_EUROPE;WW2_PACIFIC;WW2_AFRICA,medium,high,"war","R",true,"Elemento base de dramas bélicos; se puede usar como protagonista o miembro del grupo.","","Dar espacio a la vida interior del soldado para evitar que sea solo 'figurante armado'.","Similares requisitos a otros relatos de guerra: extras, FX y localizaciones exigentes.",script_theory_extended,validated,"soldier;war;trauma",0.8,1
SOUTHERN_BELLE,Southern Belle,Dama sureña,PROTAGONIST,character_type,protagonist;"supporting","Una dama de la sociedad sureña en época de Guerra Civil enfrenta cambios sociales y personales.","Tratar temas de clase, género y transformación histórica en el contexto americano.","setup;first_plot_point;midpoint,Intimate_dialogue;confrontation,HISTORICAL;DRAMA,ROMANCE,4,3,naturalistic,light,"pride;fear","self_vs_community;freedom_vs_oppression",major,personal;social,relational;social,3,19th_century,AMERICAN_CIVIL_WAR;SLAVE_STATES_IN_SLAVERY-ERA,low,high,"racism","PG-13",true,"Elemento muy ligado a narrativas históricas específicas; requiere cuidado en el tratamiento de raza y clase.","","Evitar romanticizar estructuras opresivas sin perspectiva crítica.","Necesita vestuario y decorados de época; presupuesto medio-alto.",game_data;script_theory_extended,validated,"civil_war;southern;class",0.6,1
SPIRITED_YOUNG_LADY,Spirited Young Lady,Joven decidida,PROTAGONIST,heroic_archetype,protagonist;"supporting","Una joven de carácter fuerte desafía expectativas sociales o familiares.","Protagonista frecuente en relatos de emancipación, coming of age y romance.","setup;first_plot_point;midpoint;climax,Intimate_dialogue;confrontation,DRAMA;ROMANCE,DRAMEDY,3,2,naturalistic,light,"hope;frustration","self_vs_community;freedom_vs_oppression",major,personal;family,internal;social,3,19th_century;20th_century;contemporary,VICTORIAN_ENGLAND;MODERN_EUROPEAN_CITY,high,medium,"","PG-13",false,"Elemento clave en historias de emancipación femenina; muy adaptable a distintos periodos.","","Mostrar con claridad las normas que desafía y sus aliados/antagonistas internos.","Presupuesto variable según época; se apoya en interpretación y conflicto social.",script_theory_extended,validated,"young_woman;emancipation;coming_of_age",0.75,1
TOXIC_VIGILANTE,Toxic Vigilante,Justiciero violento,PROTAGONIST,antihero,protagonist,"Un justiciero que usa métodos extremos para combatir el crimen se convierte en problema en sí mismo.","Explorar límites de la justicia por mano propia y sus consecuencias éticas.","first_plot_point;midpoint;second_plot_point;climax,action_setpiece;confrontation,THRILLER;ACTION,CRIME_DRAMA,4,4,naturalistic;heightened_stylized,none,"anger;rage","justice_vs_injustice;law_vs_crime",major,community;national,warfare;social,4,20th_century;contemporary,MODERN_AMERICAN_CITY;DYSTOPIAN_FUTURISTIC_CITY,medium,low,"violence","R",true,"Muy útil para relatos sombríos de superhéroes urbanos o thrillers de venganza.","","Marcar con claridad el coste humano de sus acciones para evitar lectura simplista de 'héroe absoluto'.","Puede implicar violencia gráfica y ambientes oscuros; presupuesto medio-alto.",script_theory_extended,validated,"vigilante;revenge;crime",0.7,1
WARRIOR,Warrior,Guerrero,PROTAGONIST,heroic_archetype,protagonist;"supporting","Un combatiente vive su vida definida por el conflicto armado y sus códigos.","Vehículo para historias épicas, fantasía y relatos históricos centrados en combate.",setup;first_plot_point;midpoint;climax,action_setpiece;confrontation,FANTASY;WAR;ACTION,HISTORICAL,4,4,heightened_stylized,none,"fear;honor","duty_vs_desire;justice_vs_injustice",major,community;national;global,warfare,5,ancient;middle_ages;fantasy,ANCIENT_GREECE;ANCIENT_ROME;MIDDLE_AGES;FANTASY_KINGDOM,medium,high,"war","R",true,"Elemento central en fantasía épica y relatos históricos bélicos.","","Definir su pertenencia a códigos concretos (tribu, reino, ejército) y sus conflictos internos.","Alto uso de coreografías de combate, vestuario y escenarios; presupuesto alto.",script_theory_extended,validated,"warrior;epic;fantasy",0.8,1
WAR_VETERAN,War Veteran,Veterano de guerra,PROTAGONIST,tragic_hero,protagonist;"supporting","Un excombatiente lidia con las secuelas psicológicas y sociales de la guerra.","Explorar trauma, readaptación a la vida civil y memoria del conflicto.",setup;midpoint;second_plot_point;climax,Intimate_dialogue;confrontation,DRAMA;WAR,THRILLER,4,4,naturalistic,none,"guilt;fear","hope_vs_despair;self_vs_community",major,personal;community,internal;social,4,20th_century;contemporary,SURVIVING_IN_WARTIME;WW2_EUROPE,high,low,"war","R",true,"Muy adecuado para dramas serios; requiere tratamiento cuidadoso de salud mental y memoria histórica.","","Evitar simplificar el trauma; trabajar con detalle en su reintegración social.","Presupuesto bajo-medio; centrado en interpretación y algunos flashbacks.",script_theory_extended,validated,"veteran;ptsd;war_drama",0.8,1
WAR_WIDOW,War Widow,Viuda de guerra,PROTAGONIST,tragic_hero,protagonist;"supporting","Una persona que ha perdido a su pareja en la guerra debe rehacer su vida.","Aportar perspectiva civil sobre el conflicto bélico; tratar temas de duelo y resiliencia.",setup;midpoint;climax,Intimate_dialogue;family_scene,DRAMA,HISTORICAL,4,3,naturalistic,none,"grief;hope","self_vs_community",major,personal;family,internal;social,3,20th_century;contemporary,SURVIVING_IN_WARTIME;WW2_EUROPE,high,low,"war","PG-13",true,"Elemento fuerte en dramas de posguerra; ofrece mirada no combatiente del conflicto.","","Mostrar redes de apoyo y obstáculos sociales para recuperar la vida.","Presupuesto bajo; centrado en reparto y localizaciones cotidianas.",script_theory_extended,validated,"widow;war;grief",0.7,1
WAYWARD_SOUL,Wayward Soul,Alma errante,PROTAGONIST,character_type,protagonist,"Un personaje sin rumbo claro busca sentido en una vida caótica.","Ideal para cine independiente, road movies y dramas de búsqueda personal.",setup;midpoint;climax,Intimate_dialogue;montage,DRAMA,DRAMEDY,4,3,naturalistic,light,"apathy;hope","self_vs_community",major,personal,internal;social,3,20th_century;contemporary,MODERN_EUROPEAN_CITY;ROAD_MOVIE_SETTINGS,high,low,"","PG-13",false,"Buen recurso para historias contemplativas y centradas en personaje.","","Evitar falta total de objetivo; dar pequeños hitos que estructuren la búsqueda.",Presupuesto bajo-medio; posible uso de road trip y localizaciones variadas.,script_theory_extended,validated,"drifter;road_movie;search_for_meaning",0.7,1
WHITE_COLLAR,White Collar,Profesional urbano,PROTAGONIST,professional_lead,protagonist,"Un ejecutivo o profesional urbano se enfrenta a crisis moral o personal ligada a su trabajo.","Tratar temas de éxito, vacío, corrupción corporativa y vida urbana.",setup;first_plot_point;midpoint;climax,Intimate_dialogue;confrontation,DRAMA,THRILLER,4,3,naturalistic,none,"anxiety;pride","honesty_vs_corruption;self_vs_community",major,personal;social;institutional,3,20th_century;contemporary,MODERN_AMERICAN_CITY;MODERN_EUROPEAN_CITY,high,low,"","PG-13",false,"Protagonista típico de dramas corporativos y thrillers financieros.","","Concretar claramente la estructura que se cuestiona (empresa, banco, administración) para dar peso al conflicto.","Presupuesto bajo-medio; decorados de oficina y pocos efectos.",script_theory_extended,validated,"corporate;urban;moral_crisis",0.75,1
WORKING_MAN,Working Man,Trabajador común,PROTAGONIST,heroic_archetype,protagonist,"Un trabajador de a pie se enfrenta a injusticias laborales o crisis personales.","Representar lucha cotidiana y conflictos de clase; ideal para dramas sociales.","setup;first_plot_point;midpoint;climax,Intimate_dialogue;confrontation,DRAMA,HISTORICAL;SOCIAL_DRAMA,4,3,naturalistic,none,"frustration;hope","freedom_vs_oppression;self_vs_community",major,personal;community,internal;social,3,20th_century;contemporary,MODERN_AMERICAN_TOWN;MODERN_EUROPEAN_TOWN,high,low,"","PG-13",false,"Elemento potente para historias obreras y de sindicalismo.","","Mostrar condiciones concretas de trabajo y riesgos para personalizar el conflicto.","Presupuesto bajo; localizaciones industriales y reparto limitado.",script_theory_extended,validated,"worker;class;social_drama",0.8,1
ALIEN,Alien,Extraterrestre,ANTAGONIST,supernatural_force,antagonist,"Una entidad extraterrestre amenaza a humanos o al entorno conocido.","Introducir lo desconocido y generar tensión entre humanidad y 'otro' incomprensible.",inciting_incident;first_plot_point;midpoint;climax,action_setpiece;survival_sequence;revelation,SCIENCE_FICTION;HORROR,THRILLER,4,4,heightened_stylized,none,"fear;curiosity","self_vs_community;freedom_vs_oppression",major,global;cosmic,warfare;supernatural,5,near_future;far_future,SPACE;DYSTOPIAN_FUTURISTIC_CITY,medium,high,"violence","PG-13;R",true,"Antagonista central en sci-fi y horror; exige definición clara de reglas (poderes, límites, motivaciones).","","Decidir si la criatura es metáfora (invasión, virus, colonización) y sostener esa lectura en el guion.","Efectos visuales, maquillaje/animatronics y posibles rodajes en sets específicos; presupuesto medio-alto.",script_theory_extended,validated,"alien;invasion;sci-fi_horror",0.8,1
ANCIENT_EVIL,Ancient Evil,Mal ancestral,ANTAGONIST,supernatural_force,antagonist,"Una fuerza primordial y sin rostro despierta o se manifiesta para destruir o corromper.","Funcionar como amenaza absoluta que supera la escala humana; ideal para horror y fantasía épica.",inciting_incident;midpoint;climax,supernatural_event;confrontation;ritual_sequence,HORROR;FANTASY,THRILLER,5,5,heightened_stylized,none,"fear;despair","hope_vs_despair;freedom_vs_oppression",major,global;cosmic,supernatural,5,ancient;fantasy,FANTASY_KINGDOM;ARTHURIAN_LEGENDS,medium,high,"violence","R",true,"Antagonista abstracto; requiere anclaje en personajes concretos para que la amenaza se sienta cercana.","","Definir qué representa simbólicamente (odio, destrucción, corrupción) y cómo se manifiesta parcialmente.",Efectos y diseño de producción cuidando iconografía; presupuesto alto.,script_theory_extended,validated,"ancient_evil;apocalypse;supernatural",0.8,1
BANDIT,Bandit,Bandido,ANTAGONIST,grounded_criminal,antagonist,"Un bandido o salteador de caminos amenaza la seguridad de viajeros o comunidades.","Proporcionar conflicto directo y localizado; útil en aventuras, western y historias históricas.",inciting_incident;first_plot_point;midpoint,action_setpiece;confrontation,ADVENTURE;WESTERN,HISTORICAL,3,3,naturalistic;heightened_stylized,light,"fear;anger","law_vs_crime;justice_vs_injustice",minor;major,community,warfare;social,3,19th_century;historical,WILD_WEST;CARIBBEAN;TROPICAL_ISLAND,medium,medium,"violence","PG-13",true,"Antagonista sencillo de implementar que sirve como disparador de trama o obstáculo recurrente.","","Humanizar o no al bandido según si lo quieres como obstáculo genérico o como rival con arco.","Requiere pocos recursos; apto para producciones de escala media.",script_theory_extended,validated,"bandit;robbery;local_threat",0.7,1
BARBARIAN_TRIBE,Barbarian Tribe,Tribu bárbara,ANTAGONIST,collective_enemy,antagonist,"Una tribu considerada 'bárbara' entra en conflicto con otra civilización o reino.","Encarnar el 'otro' cultural en relatos históricos o de fantasía; obliga a tomar posición ética.",first_plot_point;midpoint;climax,action_setpiece;battle;confrontation,FANTASY;HISTORICAL,WAR,4,4,heightened_stylized,none,"fear;hatred","freedom_vs_oppression;self_vs_community",major,community;national,warfare;social,4,ancient;middle_ages,ANCIENT_ROME;MIDDLE_AGES;FANTASY_KINGDOM,low,high,"war","R",true,"Muy delicado en términos contemporáneos; conviene evitar estereotipos y ofrecer matices culturales.","","Trabajar el punto de vista para no caer en simplificaciones racistas o colonialistas.",Necesita extras, coreografías y diseño de producción de época; presupuesto alto.,script_theory_extended,validated,"tribe;war;culture_clash",0.6,1
CORRUPT_OFFICIAL,Corrupt Official,Funcionario corrupto,ANTAGONIST,institutional_enemy,antagonist,"Un funcionario o cargo público usa su poder para beneficio propio en detrimento de otros.","Generar conflicto institucional y explorar corrupción y abuso de poder.",first_plot_point;midpoint;second_plot_point;climax,confrontation;revelation,DRAMA;THRILLER,POLITICAL_DRAMA,4,3,naturalistic,none,"anger;frustration","honesty_vs_corruption;justice_vs_injustice",major,community;national,institutional;social,3,20th_century;contemporary,MODERN_AMERICAN_CITY;MODERN_EUROPEAN_CITY,high,low,"","PG-13",false,"Antagonista muy útil en thrillers políticos y dramas sociales; da cara a sistemas abstractos.","","Mostrar cómo afecta concretamente a personajes corrientes para evitar que el conflicto quede demasiado abstracto.","Presupuesto bajo-medio; decorados de oficina, administración y espacios públicos.",script_theory_extended,validated,"corruption;institution;politics",0.8,1
CRIMINAL_GANG,Criminal Gang,Banda criminal,ANTAGONIST,collective_enemy,antagonist,"Una banda criminal organizada controla territorio, negocios ilícitos o amenaza a protagonistas.","Crear antagonismo colectivo, estructurar rivalidad con 'familias' o grupos de poder.",first_plot_point;midpoint;second_plot_point;climax,action_setpiece;confrontation;thrilling_chase,THRILLER;ACTION,CRIME_DRAMA,4,4,naturalistic;heightened_stylized,light,"fear;anger","law_vs_crime;self_vs_community",major,community;national,warfare;social;institutional,4,20th_century;contemporary,MODERN_AMERICAN_CITY;MODERN_EUROPEAN_CITY,high,medium,"violence","R",true,"Antagonista clásico en cine de crimen; permite múltiples escalones jerárquicos y secundarios memorables.","","Definir jerarquía interna (líder, lugartenientes, soldados) para dar claridad a la estructura.","Rodajes urbanos, extras y acción; presupuesto medio-alto.",script_theory_extended,validated,"gang;organized_crime;territory",0.8,1
CRIMINAL_MASTERMIND,Criminal Mastermind,Cerebro criminal,ANTAGONIST,mastermind,antagonist,"Un cerebro criminal dirige operaciones complejas desde las sombras.","Aportar sofisticación al conflicto; estructura heists, conspiraciones y juegos mentales.",first_plot_point;midpoint;second_plot_point;climax,revelation;confrontation;planning_sequence,THRILLER;CRIME_DRAMA,HEIST_MOVIE,4,3,naturalistic;heightened_stylized,none,"pride;greed","honesty_vs_corruption;self_vs_community",major,community;national,institutional;social,4,20th_century;contemporary,MODERN_AMERICAN_CITY;MODERN_EUROPEAN_CITY,high,low,"crime","PG-13;R",false,"Antagonista ideal para historias de golpes perfectos y conspiraciones; requiere tramas bien diseñadas.","","Cuidar la lógica interna de los planes y las sorpresas; evitar 'genio' sin explicación creíble.","Requiere muchas localizaciones y montaje elaborado; presupuesto medio-alto.",script_theory_extended,validated,"mastermind;heist;conspiracy",0.85,1
ENEMY_ARMY,Enemy Army,Ejército enemigo,ANTAGONIST,collective_enemy,antagonist,"Un ejército contrario enfrenta a protagonistas o a su nación en guerra abierta.","Escalar el conflicto a nivel nacional o global; soporte para batallas y relatos bélicos.",first_plot_point;midpoint;climax,battle;action_setpiece;montage,WAR;DRAMA,HISTORICAL,4,4,naturalistic;heightened_stylized,none,"fear;patriotism","freedom_vs_oppression;self_vs_community",major,national;global,warfare,5,20th_century,GREAT_WAR;WW2_EUROPE;WW2_PACIFIC;WW2_AFRICA,medium,high,"war","R",true,"Antagonista macro; necesita personajes representativos para evitar que la guerra se vuelva abstracta.","","Definir la perspectiva (soldados, civiles, líderes) y la escala de batalla que puede asumir la producción.","Altísimos requerimientos de extras, FX y logística; presupuesto alto.",script_theory_extended,validated,"army;war;macro_conflict",0.8,1
ENEMY_FROM_THE_PAST,Enemy From The Past,Enemigo del pasado,ANTAGONIST,personal_nemesis,antagonist,"Un enemigo del pasado regresa para ajustar cuentas con el protagonista.","Genera conflicto emocional intenso y permite conectar historia actual con backstory.",first_plot_point;midpoint;second_plot_point;climax,confrontation;revelation,DRAMA;THRILLER,CRIME_DRAMA,4,3,naturalistic,none,"anger;guilt","justice_vs_injustice;self_vs_community",major,personal;community,relational;social,4,20th_century;contemporary,MODERN_AMERICAN_CITY;MODERN_EUROPEAN_CITY,high,low,"violence","PG-13;R",false,"Recurso potente para dar profundidad a antagonismo; útil en thrillers y dramas íntimos.","","Mostrar el evento pasado que dio origen al odio y cómo se reinterpretó con el tiempo.","Presupuesto bajo-medio; basado en diálogos y algunos flashbacks.",script_theory_extended,validated,"nemesis;backstory;revenge",0.85,1
EVIL_MONSTER,Evil Monster,Monstruo maligno,ANTAGONIST,monster,antagonist,"Una criatura monstruosa encarna el peligro físico y psicológico.","Generar miedo directo y placer de horror; útil en terror, fantasía y ciencia ficción.",inciting_incident;midpoint;climax,survival_sequence;confrontation;revelation,HORROR;FANTASY,THRILLER,5,5,heightened_stylized,none,"fear;revulsion","self_vs_community",major,community;global,supernatural;warfare,5,ancient;fantasy;near_future,FANTASY_KINGDOM;ANCIENT_EGYPT;SPACE,medium,high,"violence","R",true,"Antagonista muy visual; requiere diseño distintivo de criatura y reglas claras de amenaza.","","Dosificar apariciones y mostrar consecuencias para maximizar impacto y evitar desgaste.","Efectos prácticos/CGI, maquillaje, sonido cuidado; presupuesto medio-alto.",script_theory_extended,validated,"monster;creature_feature;horror",0.8,1
EVIL_SORCERER,Evil Sorcerer,Hechicero malvado,ANTAGONIST,supernatural_enemy,antagonist,"Un hechicero domina fuerzas mágicas para someter o destruir.","Antagonista fuerte en fantasía; mezcla poder personal con amenaza sobrenatural.",first_plot_point;midpoint;climax,supernatural_event;confrontation,FANTASY,ADVENTURE,4,4,heightened_stylized,none,"fear;pride","freedom_vs_oppression;justice_vs_injustice",major,community;national,supernatural;warfare,4,fantasy;middle_ages,FANTASY_KINGDOM;ARTHURIAN_LEGENDS,medium,high,"violence","PG-13;R",true,"Figura villanesca clásica; recomendable definir motivación más allá de 'ser malo'.","","Usar su magia para expresar visualmente temas (control, corrupción, tentación).","Requiere FX y diseño de producción específico (runas, artefactos, rituales); presupuesto medio-alto.",script_theory_extended,validated,"sorcerer;magic;villain",0.8,1
EVIL_WITCH,Evil Witch,Bruja malvada,ANTAGONIST,supernatural_enemy,antagonist,"Una bruja usa poderes mágicos de forma destructiva o manipuladora.","Combinar amenaza sobrenatural con manipulación psicológica; útil en horror y cuentos oscuros.",inciting_incident;midpoint;climax,supernatural_event;confrontation;Intimate_dialogue,HORROR;FANTASY,THRILLER,4,4,heightened_stylized,none,"fear;hatred","freedom_vs_oppression;self_vs_community",major,community,supernatural;social,4,ancient;middle_ages;fantasy,ANCIENT_EUROPE;MIDDLE_AGES;FANTASY_KINGDOM,medium,high,"violence","PG-13;R",true,"Recurso clásico; conviene evitar clichés misóginos y simplistas en su representación.","","Anclarla en conflictos personales (celos, poder, exclusión) para darle profundidad.",FX moderados y maquillaje/prostéticos; presupuesto medio.,script_theory_extended,validated,"witch;magic;folklore",0.7,1
HEARTLESS_BUREAUCRAT,Heartless Bureaucrat,Burócrata cruel,ANTAGONIST,institutional_enemy,antagonist,"Un burócrata aplica reglas con absoluta indiferencia al sufrimiento humano.","Ofrecer antagonismo frío que representa sistemas deshumanizados.",midpoint;second_plot_point;climax,confrontation;Intimate_dialogue,DRAMA,DRAMEDY,4,2,naturalistic,none,"frustration;resentment","self_vs_community;freedom_vs_oppression",minor;major,community,institutional;social,3,20th_century;contemporary,MODERN_EUROPEAN_CITY;MODERN_AMERICAN_CITY,high,low,"","PG-13",false,"Funciona muy bien en relatos realistas y sátiras sobre administración pública o corporativa.","","Cuidado con exagerarlo: un antagonista demasiado caricaturesco puede romper el tono realista.","Presupuesto bajo; decorados de oficina y documentación visual mínima.",script_theory_extended,validated,"bureaucracy;system;cold_antagonist",0.75,1
MAD_SCIENTIST,Mad Scientist,Científico loco,ANTAGONIST,scientist_villain,antagonist,"Un científico traspasa límites éticos en aras del conocimiento o poder.","Permite explorar consecuencias del progreso sin control y debates éticos.",inciting_incident;midpoint;climax,lab_scene;revelation;confrontation,SCIENCE_FICTION;HORROR,THRILLER,4,4,heightened_stylized,none,"pride;obsession","honesty_vs_corruption;self_vs_community",major,community;global,supernatural;institutional,4,19th_century;20th_century;near_future,VICTORIAN_ENGLAND;MODERN_AMERICAN_CITY;SPACE,medium,medium,"violence","PG-13;R",true,"Villano clásico de sci-fi y terror; necesita motivaciones claras (reconocimiento, miedo, deseo de control).","","Hacer que sus experimentos afecten directamente a personajes cercanos para subir stakes.","Requiere decorados de laboratorio y FX; presupuesto medio.",script_theory_extended,validated,"science;ethics;experiment_gone_wrong",0.8,1
MURDERER,Murderer,Asesino,ANTAGONIST,grounded_criminal,antagonist,"Un individuo comete asesinatos que afectan al protagonista o comunidad.","Genera conflicto de vida o muerte; base para thrillers y policiales.",inciting_incident;first_plot_point;midpoint;climax,confrontation;investigation;survival_sequence,THRILLER;DETECTIVE,HORROR,4,4,naturalistic,none,"fear;anger","justice_vs_injustice",major,personal;community,warfare;social,4,20th_century;contemporary,MODERN_AMERICAN_CITY;MODERN_EUROPEAN_CITY,high,low,"violence","R",true,"Antagonista directo; conviene definir patrón, motivación y relación con protagonista.","","Cuidar el tratamiento de violencia para evitar explotación gratuita.","Presupuesto bajo-medio; rodajes urbanos y FX de sangre moderados.",script_theory_extended,validated,"murder;serial;crime",0.8,1
OLD_FRIEND_ENEMY,Old Friend Enemy,Amigo convertido en enemigo,ANTAGONIST,personal_nemesis,antagonist,"Un antiguo amigo se convierte en antagonista por traición o cambio de valores.","Añade profundidad emocional al conflicto y complejiza la posición del protagonista.",midpoint;second_plot_point;climax,Intimate_dialogue;confrontation,DRAMA;THRILLER,DRAMEDY,4,3,naturalistic,none,"sadness;anger","self_vs_community;honesty_vs_corruption",major,personal;community,relational;social,4,20th_century;contemporary,MODERN_AMERICAN_CITY;MODERN_EUROPEAN_CITY,high,low,"","PG-13",false,"Antagonista muy útil para historias centradas en lealtad y traición.","","Mostrar bien la historia compartida y los puntos clave donde se separaron sus caminos.",Presupuesto bajo; centrado en diálogos y escenas comparativas pasado/presente.,script_theory_extended,validated,"friendship;betrayal;personal_conflict",0.85,1
PATRIARCH,Patriarch,Patriarca opresor,ANTAGONIST,familial_enemy,antagonist,"Un patriarca ejerce control opresivo sobre familia o comunidad.","Ilustra conflictos generacionales, de género y poder doméstico.",setup;midpoint;second_plot_point;climax,Intimate_dialogue;family_scene;confrontation,DRAMA,HISTORICAL;DRAMEDY,4,3,naturalistic,none,"resentment;fear","freedom_vs_oppression;self_vs_community",major,personal;family,relational;social,3,19th_century;20th_century;contemporary,VICTORIAN_ENGLAND;MODERN_EUROPEAN_TOWN,high,medium,"","PG-13",false,"Antagonista frecuente en dramas familiares; requiere matices para no ser plano.","","Trabajar momentos donde muestra humanidad para evitar caricatura unidimensional.",Presupuesto bajo; localizaciones domésticas y reparto limitado.,script_theory_extended,validated,"family;patriarchy;generations",0.75,1
PIRATE,Pirate Antagonist,Pirata antagonista,ANTAGONIST,antihero_enemy,antagonist,"Un pirata se opone directamente a los objetivos del protagonista.","Combina acción marítima con conflicto de moralidad y lealtad.",first_plot_point;midpoint;climax,action_setpiece;confrontation,ADVENTURE;ACTION,FANTASY,4,3,heightened_stylized,light,"excitement;anger","law_vs_crime;freedom_vs_oppression",major,community;global,warfare;social,4,17th_century;fantasy,CARIBBEAN;TROPICAL_ISLAND;FANTASY_KINGDOM,medium,high,"violence","PG-13;R",true,"Villano clásico complementario al héroe marítimo o al corsario 'legal'.","","Dar conflictos internos (tripulación, códigos) para enriquecer su antagonismo.",Requiere ambiente marítimo y acción; presupuesto alto.,script_theory_extended,validated,"pirate;sea;villain",0.75,1
REBELS,Rebels,Rebeldes,ANTAGONIST;SUPPORTING,collective_enemy,antagonist;"supporting","Un grupo rebelde se opone al orden establecido, según el punto de vista del relato.","Permite jugar con ambigüedad moral: héroes para unos, villanos para otros.",first_plot_point;midpoint;climax,battle;confrontation;montage,WAR;DRAMA;SCIENCE_FICTION,THRILLER,4,3,naturalistic;heightened_stylized,none,"hope;anger","freedom_vs_oppression;self_vs_community",major,community;national,warfare;social,4,near_future;far_future;historical,DYSTOPIAN_FUTURISTIC_CITY;SPACE;AMERICAN_CIVIL_WAR,medium,medium,"war","PG-13;R",true,"Útiles para relatos políticos y distópicos; su valoración moral depende de la ideología representada.","","Clarificar el punto de vista de cámara (con ellos/en contra) sin perder complejidad.",Producción variable según escala de conflicto; de media a alta.,script_theory_extended,validated,"rebellion;resistance;politics",0.8,1
ROBOT,Robot,Robot rebelde,ANTAGONIST,tech_enemy,antagonist,"Una máquina o sistema de IA se rebela contra sus creadores o usuarios.","Explorar conflicto humano-tecnología y dilemas sobre autonomía de sistemas.","inciting_incident;midpoint;climax,action_setpiece;survival_sequence;revelation,SCIENCE_FICTION;THRILLER,HORROR,4,4,heightened_stylized,none,"fear;curiosity","freedom_vs_oppression;self_vs_community",major,community;national;global,institutional;warfare;supernatural,4,near_future;far_future,DYSTOPIAN_FUTURISTIC_CITY;SPACE,medium,high,"violence","PG-13;R",true,"Antagonista contemporáneo relevante; requiere definir grado de conciencia y responsabilidad.","","Decidir si la culpa recae en la máquina o en quienes la diseñaron y cómo se plantea en diálogos.",FX y diseño de props/entornos tecnológicos; presupuesto medio-alto.,script_theory_extended,validated,"ai;robot;tech_conflict",0.85,1
RULE_ENFORCER,Rule Enforcer,Guardián de normas,ANTAGONIST,institutional_enemy,antagonist,"Un personaje hace cumplir un conjunto de reglas de forma implacable.","Sirve para representar rigidez del sistema frente a flexibilidad necesaria del protagonista.",midpoint;second_plot_point;climax,confrontation;Intimate_dialogue,DRAMA;THRILLER,POLITICAL_DRAMA,4,2,naturalistic,none,"frustration;fear","self_vs_community;freedom_vs_oppression",minor;major,community,institutional;social,3,20th_century;contemporary,MODERN_EUROPEAN_CITY;MODERN_AMERICAN_CITY,high,low,"","PG-13",false,"Antagonista funcional que encarna reglas más que deseos personales; útil en historias de regulación extrema.","","Mostrar momentos donde se cuestiona internamente para dar profundidad si va a tener evolución.",Presupuesto bajo; localizaciones institucionales y diálogos.",script_theory_extended,validated,"rules;system;authority",0.75,1
SERIAL_KILLER,Serial Killer,Asesino en serie,ANTAGONIST,grounded_criminal,antagonist,"Un asesino comete múltiples crímenes siguiendo patrones específicos.","Base de muchos thrillers psicológicos y policiales; genera miedo sostenido.",inciting_incident;first_plot_point;midpoint;climax,investigation;survival_sequence;confrontation,THRILLER;HORROR,CRIME_DRAMA,5,5,naturalistic,none,"fear;revulsion","justice_vs_injustice",major,community;national,warfare;social,5,20th_century;contemporary,MODERN_AMERICAN_CITY;MODERN_EUROPEAN_CITY,high,low,"violence","R",true,"Antagonista muy sensible; requiere tratamiento responsable del horror y víctimas.","","Evitar glamurizar al asesino; centrar empatía en víctimas y protagonistas.","FX de violencia, ambientación tensa y ritmo cuidado; presupuesto medio.",script_theory_extended,validated,"serial_killer;psychological;crime",0.85,1
TRIBAL_CHIEF,Tribal Chief,Jefe tribal,ANTAGONIST;SUPPORTING,familial_enemy;collective_enemy,antagonist;"supporting","Un líder tribal se opone al protagonista o a fuerzas externas desde su posición de autoridad.","Representa intereses colectivos en conflictos culturales; puede ser antagonista o aliado severo.",first_plot_point;midpoint;climax,Intimate_dialogue;confrontation;ritual_scene,HISTORICAL;FANTASY,DRAMA,4,3,naturalistic;heightened_stylized,none,"pride;fear","self_vs_community;freedom_vs_oppression",major,community,relational;social,3,ancient;middle_ages;fantasy,ANCIENT_EGYPT;FEUDAL_JAPAN;FANTASY_KINGDOM,medium,medium,"","PG-13",false,"Figura de autoridad cultural; exige documentación y respeto a culturas reales si se inspira en ellas.","","Evitar tratarlo como caricatura exótica; trabajar su lógica interna y responsabilidad hacia el grupo.",Requiere cuidado en casting y diseño de arte; presupuesto medio.",script_theory_extended,validated,"tribe;leader;culture",0.7,1
TYRANT,Tyrant,Tirano,ANTAGONIST,macro_villain,antagonist,"Un tirano controla con mano de hierro un reino, país o institución.","Antagonista claro en relatos épicos o políticos; simboliza opresión sistemática.",first_plot_point;midpoint;climax,confrontation;battle;Intimate_dialogue,FANTASY;HISTORICAL;DRAMA,WAR,4,4,heightened_stylized,none,"fear;hatred","freedom_vs_oppression;justice_vs_injustice",major,community;national,warfare;institutional,4,ancient;middle_ages;20th_century,ANCIENT_ROME;MIDDLE_AGES;DYSTOPIAN_FUTURISTIC_CITY,medium,high,"war","PG-13;R",true,"Villano arquetípico; conviene darle motivaciones más complejas que simple deseo de poder para evitar cliché.","","Mostrar sus mecanismos de control (propaganda, terror, burocracia) para dar textura al mundo.","Producción de escala grande; palacios, ejércitos, aparatos represivos.",script_theory_extended,validated,"tyrant;dictator;oppression",0.85,1
UNDEAD,Undead,No muertos,ANTAGONIST,monster_collective,antagonist,"Criaturas reanimadas amenazan a vivos en masa.","Elemento central en horror de zombies y fantasía oscura.",inciting_incident;midpoint;climax,survival_sequence;battle,HORROR;FANTASY,THRILLER,4,4,heightened_stylized,none,"fear;disgust","self_vs_community",major,community;global,supernatural;warfare,4,fantasy;near_future,FANTASY_KINGDOM;DYSTOPIAN_FUTURISTIC_CITY,medium,high,"violence","R",true,"Perfectos para relatos de asedio, supervivencia y crítica social (consumo, deshumanización).","","Definir reglas de infección, movimiento y vulnerabilidades para coherencia.",FX, maquillaje y extras numerosos; presupuesto medio-alto.",script_theory_extended,validated,"zombies;undead;apocalypse",0.8,1
VAMPIRE,Vampire,Vampiro,ANTAGONIST,monster;seductive_enemy,antagonist;"supporting","Un vampiro depredador seduce y destruye a sus víctimas.","Combina peligro físico con carga erótica/simbólica; útil en horror y romance oscuro.",inciting_incident;midpoint;climax,Intimate_dialogue;confrontation;seduction_scene,HORROR;ROMANCE,THRILLER,4,4,heightened_stylized,light,"desire;fear","self_vs_community;freedom_vs_oppression",major,personal;community,supernatural;relational,4,18th_century;19th_century;fantasy,VICTORIAN_ENGLAND;FANTASY_KINGDOM,medium,high,"violence;sexual_content","R",true,"Figura muy codificada; conviene decidir si se usará de forma clásica o subversiva.","","Trabajar bien la metáfora que encarna (enfermedad, deseo, poder) para coherencia temática.",FX moderados, maquillaje y posible rodaje nocturno; presupuesto medio.",script_theory_extended,validated,"vampire;gothic;erotic_horror",0.8,1
VENGEFUL_SPIRIT,Vengeful Spirit,Espíritu vengativo,ANTAGONIST,supernatural_enemy,antagonist,"Un espíritu reclama justicia o venganza por una injusticia pasada.","Elemento central en horror sobrenatural y dramas de culpa colectiva.",inciting_incident;midpoint;climax,supernatural_event;revelation;confrontation,HORROR;DRAMA,THRILLER,4,4,heightened_stylized,none,"fear;grief","justice_vs_injustice;hope_vs_despair",major,personal;community,supernatural;relational,4,ancient;20th_century;contemporary,ANCIENT_ASIA;MODERN_EUROPEAN_CITY,medium,medium,"violence","PG-13;R",true,"Antagonista que además puede funcionar como 'víctima' de injusticia; requiere equilibrio entre miedo y empatía.","","Revelar progresivamente el origen de la venganza y ofrecer opciones de resolución (exorcismo, reparación, sacrificio).",FX de apariciones, sonido y luz; presupuesto medio.,script_theory_extended,validated,"ghost;revenge;guilt",0.8,1
WAR_CRIMINAL,War Criminal,Criminal de guerra,ANTAGONIST,macro_villain,antagonist,"Un responsable directo de atrocidades bélicas enfrenta juicios o venganza.","Permite tratar justicia internacional, memoria histórica y trauma colectivo.",midpoint;second_plot_point;climax,confrontation;trial_scene,DRAMA;WAR,POLITICAL_DRAMA,4,4,naturalistic,none,"anger;grief","justice_vs_injustice;freedom_vs_oppression",major,national;global,institutional;warfare,4,20th_century,GREAT_WAR;WW2_EUROPE,low,medium,"war","R",true,"Antagonista serio y delicado; requiere documentación histórica y respeto a víctimas reales.","","Evitar ficcionalizar hechos sensibles sin cuidado; trabajar con asesoría si se inspira en casos reales.",Presupuesto medio; decorados de tribunales, archivos, posibles flashbacks bélicos.",script_theory_extended,validated,"war_crimes;justice;tribunal",0.8,1
ANGRY_BOSS,Angry Boss,Jefe iracundo,SUPPORTING_CHARACTER,workplace_antagonist,supporting;"antagonist","Un jefe explosivo presiona al protagonista más allá de lo razonable.","Generar conflicto laboral, elevar stakes cotidianos y aportar tensión en escenas de trabajo.",setup;first_plot_point;midpoint,confrontation;comic_relief,DRAMA;COMEDY,DRAMEDY,3,2,naturalistic,light,"frustration;fear","self_vs_community;freedom_vs_oppression",minor;major,personal;community,relational;institutional,2,20th_century;contemporary,MODERN_AMERICAN_CITY;MODERN_EUROPEAN_CITY,high,low,"","PG-13",false,"Secundario típico en relatos de oficina; puede ser antagonista menor o fuente de comedia.","","Usar sus estallidos para marcar puntos de presión narrativa, evitando que eclipse al antagonista principal.","Presupuesto bajo; decorados de oficina y actor con buena vis cómica.",script_theory_extended,validated,"boss;workplace;pressure",0.7,1
ANNOYING_SUITOR,Annoying Suitor,Pretendiente inoportuno,SUPPORTING_CHARACTER,romantic_obstacle,supporting;"antagonist","Un pretendiente persistente complica o bloquea la historia romántica del protagonista.","Aportar obstáculo ligero o medio en tramas románticas; permite comedia y conflicto.",first_plot_point;midpoint,comic_relief;Intimate_dialogue,ROMANCE;COMEDY,DRAMEDY,2,2,naturalistic,light,"annoyance;jealousy","self_vs_community",minor,personal,relational,2,20th_century;contemporary,MODERN_AMERICAN_CITY;MODERN_EUROPEAN_CITY,high,low,"","PG-13",false,"Recurso habitual en comedias románticas; conviene darle rasgos humanos para evitar caricatura plana.","","Usarlo para revelar rasgos del protagonista (paciencia, límites, forma de decir 'no').","Presupuesto bajo; se apoya en química y timing cómico.",script_theory_extended,validated,"romantic_obstacle;comedy;triangle",0.65,1
BROTHER_IN_ARMS,Brother in Arms,Camarada de armas,SUPPORTING_CHARACTER,ally;soldier,supporting,"Un compañero de combate acompaña al protagonista en la guerra.","Proporcionar apoyo emocional, ser espejo del protagonista y reforzar temas de camaradería.",setup;midpoint;climax,action_setpiece;Intimate_dialogue,DRAMA;WAR,THRILLER,4,4,naturalistic,light,"fear;loyalty","duty_vs_desire;self_vs_community",major,community;national,warfare;internal,4,20th_century,GREAT_WAR;WW2_EUROPE;WW2_PACIFIC;WW2_AFRICA,medium,high,"war","R",true,"Secundario fundamental en historias bélicas; puede ser vehículo para muertes significativas.","","Dar rasgos propios claros y escenas compartidas que hagan que su eventual destino impacte.","Requiere presencia en escenas de acción; presupuesto medio.",script_theory_extended,validated,"ally;war;comrade",0.8,1
BUTLER,Butler,Mayordomo,SUPPORTING_CHARACTER,service_role;sage,supporting,"Un mayordomo sirve y observa dinámicas familiares o de poder en entornos aristocráticos.","Aportar información, ironía y perspectiva discreta sobre conflictos de clase y familia.",setup;midpoint,Intimate_dialogue;comic_relief,HISTORICAL;DRAMA,DRAMEDY,3,2,naturalistic,light,"loyalty;resignation","self_vs_community",minor,personal;family,relational;social,2,19th_century;early_20th,VICTORIAN_ENGLAND;ARTHURIAN_LEGENDS;MANOR_SETTINGS,medium,medium,"","PG-13",false,"Elemento clásico en dramas de mansión; puede funcionar como confidente del protagonista.","","Decidir si es neutral, aliado o antagonista suave y mantener esa posición coherente.","Vestuario y decorados de época; presupuesto medio.",script_theory_extended,validated,"servant;family;class",0.7,1
CONCERNED_WIFE,Concerned Wife,Esposa preocupada,SUPPORTING_CHARACTER,family_ally,supporting,"La pareja del protagonista se preocupa por las decisiones y riesgos que este asume.","Aumentar stakes emocionales y mostrar impacto del conflicto en la vida íntima.",setup;midpoint;second_plot_point,Intimate_dialogue;family_scene,DRAMA,DRAMEDY,4,3,naturalistic,none,"fear;love","self_vs_community",major,personal;family,relational,3,20th_century;contemporary,MODERN_AMERICAN_TOWN;MODERN_EUROPEAN_TOWN,high,low,"","PG-13",false,"Secundario crucial para humanizar protagonistas involucrados en conflictos de alto riesgo.","","Evitar usarla solo como 'objeción genérica'; darle punto de vista y necesidades propias.","Presupuesto bajo; localizaciones domésticas.",script_theory_extended,validated,"spouse;family;stakes",0.75,1
DAMSEL_IN_DISTRESS,Damsel in Distress,Dama en apuros,SUPPORTING_CHARACTER,person_in_peril,supporting;"objective","Una persona en peligro cuyo rescate o protección impulsa la acción.","Generar objetivo claro y urgencia; recurso clásico en aventuras y thrillers.",inciting_incident;first_plot_point;midpoint;climax,action_setpiece;confrontation,ADVENTURE;ACTION;THRILLER,DRAMA,3,3,heightened_stylized,light,"fear;hope","self_vs_community",minor;major,personal;community,warfare;relational,3,20th_century;contemporary;fantasy,WILD_WEST;FANTASY_KINGDOM;MODERN_AMERICAN_CITY,high,medium,"violence","PG-13",true,"Arquetipo clásico que conviene actualizar evitando pasividad excesiva; puede ganar agencia propia.","","Dotar al personaje de deseos y capacidades, no solo función de 'botín' o 'carga'.","Presupuesto variable según tipo de secuencia de rescate.",script_theory_extended,validated,"rescue;hostage;stakes",0.7,1
FEMME_FATALE,Femme Fatale,Mujer fatal,SUPPORTING_CHARACTER,seductive_enemy;swing_character,supporting;"antagonist","Una mujer seductora y peligrosa envuelve al protagonista en una trama de engaños.","Aportar ambigüedad, deseo y riesgo; central en noir y thrillers eróticos.",first_plot_point;midpoint;second_plot_point,Intimate_dialogue;seduction_scene;revelation,THRILLER;DETECTIVE,NOIR;CRIME_DRAMA,4,4,heightened_stylized,light,"desire;fear","honesty_vs_corruption;self_vs_community",major,personal;community,relational;social,4,20th_century;contemporary,MODERN_AMERICAN_CITY;MODERN_EUROPEAN_CITY,high,low,"sexual_content","R",true,"Figura clásica del noir; puede ser protagonista, antagonista o secundaria clave.","","Evitar el cliché misógino; trabajar su psicología y motivaciones más allá de 'destruir hombres'.","Presupuesto medio; se apoya en puesta en escena y diálogos intensos.",script_theory_extended,validated,"noir;seduction;danger",0.8,1
FIRST_VICTIM,First Victim,Primera víctima,SUPPORTING_CHARACTER,victim,supporting,"La primera persona atacada o asesinada en una historia de thriller u horror.","Establecer el tono de peligro y mostrar el modus operandi del antagonista.",inciting_incident,opening_scene;survival_sequence,HORROR;THRILLER,CRIME_DRAMA,4,4,naturalistic;heightened_stylized,none,"fear;shock","justice_vs_injustice",minor,community,warfare;social,3,20th_century;contemporary,MODERN_AMERICAN_CITY;MODERN_EUROPEAN_CITY,high,low,"violence","R",true,"Aunque su arco sea breve, conviene dar cierto rasgo humano para que el impacto sea mayor.","","Usar su escena para clarificar reglas de peligro sin sobreexplotar violencia.","Presupuesto bajo-medio; FX según tipo de muerte.",script_theory_extended,validated,"victim;opening_kill;tone_setter",0.8,1
KEY_WITNESS,Key Witness,Testigo clave,SUPPORTING_CHARACTER,plot_pivot,supporting,"Un testigo posee información crucial para resolver caso o desenmascarar antagonista.","Servir de motor de trama en thrillers y dramas judiciales; elevar stakes de protección.",midpoint;second_plot_point;climax,Intimate_dialogue;confrontation,THRILLER;DETECTIVE,LEGAL_DRAMA,4,3,naturalistic,none,"fear;anxiety","honesty_vs_corruption;self_vs_community",major,personal;community,relational;institutional,4,20th_century;contemporary,MODERN_AMERICAN_CITY;MODERN_EUROPEAN_CITY,high,low,"","PG-13",false,"Personaje funcional pero crítico; su seguridad suele conectar directamente con el clímax.","","Dar personalidad y dilemas propios (miedo, ambición, culpa) para que no sea solo 'plot device'.","Presupuesto bajo; decorados de comisaría, juzgado, refugio.",script_theory_extended,validated,"witness;trial;protection",0.85,1
LOVE_INTEREST,Love Interest,Interés romántico,SUPPORTING_CHARACTER,romantic_partner,supporting;"objective","Persona con la que el protagonista establece o desea establecer relación amorosa.","Eje emotivo de tramas románticas y subtramas en otros géneros.",setup;first_plot_point;midpoint;climax,Intimate_dialogue;comic_relief;confrontation,ROMANCE;DRAMA,DRAMEDY,3,2,naturalistic,light,"love;longing","self_vs_community",major,personal,relational,2,20th_century;contemporary,MODERN_AMERICAN_CITY;MODERN_EUROPEAN_CITY,high,low,"","PG-13",false,"Secundario central, a veces coprotagonista; su arco debe tener coherencia propia.","","Evitar convertirlo en mero premio; darle decisiones relevantes que afecten la trama.","Presupuesto bajo; centrado en química y escenas íntimas.",script_theory_extended,validated,"romantic_partner;love_story;subplot",0.9,1
MENTOR,Mentor,Mentor,SUPPORTING_CHARACTER,guide;sage,supporting,"Una figura experimentada guía al protagonista con consejos, entrenamiento o advertencias.","Funcionar como soporte del arco del protagonista y como portador de sabiduría o experiencia.",setup;first_plot_point;midpoint,Intimate_dialogue;training_sequence,DRAMA;FANTASY;ADVENTURE,COMING_OF_AGE,3,2,naturalistic;heightened_stylized,light,"hope;regret","self_vs_community",major,personal;community,relational,3,ancient;middle_ages;20th_century;contemporary,ANCIENT_GREECE;MIDDLE_AGES;MODERN_EUROPEAN_CITY,high,medium,"","PG-13",false,"Elemento estructural en relatos de aprendizaje; su posible muerte puede catalizar cambio en el protagonista.","","Definir su propia historia y por qué decide implicarse; evitar que sea solo 'dispensador de consejos'.","Presupuesto variable; se apoya en interpretación y escenas de diálogo clave.",script_theory_extended,validated,"mentor;guide;teacher",0.9,1
MYSTERIOUS_GUIDE,Mysterious Guide,Guía misterioso,SUPPORTING_CHARACTER,guide;trickster,supporting,"Un guía de motivaciones y naturaleza ambiguas orienta al protagonista.","Aportar misterio y ambigüedad; puede descubrirse aliado o traidor.",first_plot_point;midpoint;second_plot_point,Intimate_dialogue;revelation,FANTASY;THRILLER,ADVENTURE,3,3,heightened_stylized,none,"curiosity;fear","self_vs_community",major,personal;community,relational;supernatural,3,ancient;fantasy;near_future,FANTASY_KINGDOM;SPACE,medium,medium,"","PG-13",false,"Buen recurso para mantener tensión sobre quién está realmente del lado del protagonista.","","Planear con antelación si su arco termina en sacrificio, traición o revelación de identidad.",Presupuesto bajo-medio; puesta en escena y actuación intensas.",script_theory_extended,validated,"guide;mysterious;potential_traitor",0.8,1
PARENT_FIGURE,Parent Figure,Figura parental,SUPPORTING_CHARACTER,family_ally;sage,supporting,"Una figura parental sostiene, limita o impulsa al protagonista.","Encarnar raíces, expectativas y conflictos generacionales.",setup;midpoint;climax,Intimate_dialogue;family_scene,DRAMA,DRAMEDY,4,3,naturalistic,none,"love;frustration","self_vs_community",major,personal;family,relational,3,20th_century;contemporary,MODERN_EUROPEAN_TOWN;MODERN_AMERICAN_TOWN,high,low,"","PG-13",false,"Secundario clave en coming of age y dramas familiares; puede evolucionar con el protagonista.","","Mostrar tanto sus miedos como sus esperanzas para evitar que sea solo figura de oposición.",Presupuesto bajo; localizaciones domésticas.",script_theory_extended,validated,"parent;family;support",0.8,1
PATRIARCH,Patriarch,Patriarca familiar,SUPPORTING_CHARACTER,family_antagonist;sage,supporting;"antagonist","Un patriarca gobierna la dinámica familiar desde una posición de autoridad rígida.","Introducir conflictos de rol, género y poder dentro de la familia.",setup;midpoint;climax,Intimate_dialogue;family_scene;confrontation,DRAMA,HISTORICAL,4,3,naturalistic,none,"pride;fear","freedom_vs_oppression;self_vs_community",major,personal;family,relational;social,3,19th_century;20th_century;contemporary,VICTORIAN_ENGLAND;MODERN_EUROPEAN_TOWN,high,medium,"","PG-13",false,"Puede servir como antagonista íntimo o figura que finalmente cede y evoluciona.","","Evitar caricatura; darle lógica interna (protección, tradición, miedo al cambio).","Presupuesto bajo; rodajes en interiores familiares.",script_theory_extended,validated,"patriarch;family;conflict",0.75,1
RIVAL,Rival,Rival,SUPPORTING_CHARACTER,competitor,supporting;"antagonist","Un competidor se enfrenta al protagonista en objetivos similares.","Generar tensión competitiva y dar contraste de carácter.",first_plot_point;midpoint;climax,confrontation;comic_relief;Intimate_dialogue,DRAMA;COMEDY;SPORTS,DRAMEDY,3,2,naturalistic,light,"jealousy;pride","self_vs_community",major,personal;community,relational;social,3,20th_century;contemporary,MODERN_AMERICAN_CITY;MODERN_EUROPEAN_CITY,high,low,"","PG-13",false,"Muy útil en historias deportivas, profesionales o académicas.","","Mostrar similitudes entre protagonista y rival para reforzar espejo dramático.",Presupuesto bajo-medio según entorno competitivo.",script_theory_extended,validated,"rivalry;competition;mirror",0.8,1
SHERIFF,Sheriff (Supporting),Alguacil,SUPPORTING_CHARACTER,authority_figure,supporting;"antagonist","Un alguacil actúa como autoridad local respecto al protagonista.","Introduce dimensión legal y de orden en conflictos de pueblo o comunidad.",first_plot_point;midpoint,confrontation;Intimate_dialogue,WESTERN;DRAMA,THRILLER,4,3,naturalistic;heightened_stylized,light,"fear;responsibility","justice_vs_injustice",minor;major,community,relational;institutional,3,19th_century;20th_century;contemporary,WILD_WEST;MODERN_AMERICAN_TOWN,medium,medium,"","PG-13",true,"Figura que puede ser aliada o adversaria según la moral de la historia.","","Clarificar su alineamiento con ley vs justicia; puede cambiar de bando.",Presupuesto medio; localizaciones de pueblo.",script_theory_extended,validated,"lawman;small_town;authority",0.7,1
SIDEKICK,Sidekick,Compañero leal,SUPPORTING_CHARACTER,ally;swing_character,supporting,"Un compañero cercano al protagonista le aporta apoyo práctico y emocional.","Ofrecer contrapunto cómico, técnico o emocional; reforzar arco del protagonista.",setup;midpoint;climax,comic_relief;confrontation,ADVENTURE;COMEDY;SUPERHERO,DRAMEDY,3,2,naturalistic;heightened_stylized,light,"loyalty;joy","self_vs_community",minor;major,personal;community,relational,3,20th_century;contemporary;fantasy,MODERN_AMERICAN_CITY;FANTASY_KINGDOM,high,low,"","PG-13",false,"Elemento de diseño clásico; su destino puede servir de catalizador para el protagonista.","","Darle habilidades o rasgos propios para que no sea solo 'eco' del protagonista.",Presupuesto variable; se apoya en química y presencia en escenas clave.",script_theory_extended,validated,"sidekick;ally;comic_relief",0.9,1
STEPCHILD,Stepchild,Hijastro,SUPPORTING_CHARACTER,family_member,supporting,"Un hijastro representa tensiones en familias reconstituidas.","Explorar temas de pertenencia, rechazo y adaptación en dinámicas familiares complejas.",setup;midpoint;climax,Intimate_dialogue;family_scene,DRAMA,DRAMEDY,4,3,naturalistic,none,"loneliness;hope","self_vs_community",major,personal;family,relational,3,20th_century;contemporary,MODERN_EUROPEAN_TOWN;MODERN_AMERICAN_TOWN,high,low,"","PG-13",false,"Secundario clave en historias sobre divorcio y nuevas parejas; puede tener arco propio de aceptación.","","Mostrar sus miedos y deseos de pertenencia, evitando estereotipos de 'problemático' por defecto.",Presupuesto bajo; se apoya en interpretación joven.",script_theory_extended,validated,"stepfamily;identity;belonging",0.7,1
STEPPARENT,Stepparent,Padrastro/madrastra,SUPPORTING_CHARACTER,family_member;swing_character,supporting;"antagonist","Una nueva figura parental entra en una familia ya formada.","Permite conflictos de aceptación, autoridad y lealtades en familias reconstituidas.",setup;midpoint;climax,Intimate_dialogue;family_scene,DRAMA,DRAMEDY,4,3,naturalistic,none,"fear;hope","self_vs_community",major,personal;family,relational,3,20th_century;contemporary,MODERN_EUROPEAN_TOWN;MODERN_AMERICAN_TOWN,high,low,"","PG-13",false,"Puede ser antagonista suave o aliado que lucha por ser aceptado; conviene evitar el cliché malvado sin matices.","","Trabajar momentos donde se gana o pierde confianza para que su arco tenga peso.",Presupuesto bajo.",script_theory_extended,validated,"stepfamily;parent;conflict",0.7,1
STRICT_PARENT,Strict Parent,Padre/madre autoritario,SUPPORTING_CHARACTER,family_antagonist;sage,supporting;"antagonist","Progenitor que impone normas rígidas sobre el protagonista.","Representa límites, tradición y presión; fundamental en relatos de emancipación.",setup;midpoint;climax,Intimate_dialogue;confrontation,DRAMA,DRAMEDY,4,3,naturalistic,none,"fear;resentment","freedom_vs_oppression;self_vs_community",major,personal;family,relational,3,20th_century;contemporary,MODERN_EUROPEAN_TOWN;MODERN_AMERICAN_TOWN,high,low,"","PG-13",false,"Indispensable en muchos coming of age; su posible flexibilización es parte del arco.","","Dar razones comprensibles para su rigidez (miedo, experiencia), evitando villanizar sin contexto.",Presupuesto bajo; casas y espacios cotidianos.",script_theory_extended,validated,"parent;authority;coming_of_age",0.8,1
VILLAINS_RIGHT_HAND,Villain's Right Hand,Brazo derecho del villano,SUPPORTING_CHARACTER,henchman;lieutenant,supporting;"antagonist","El colaborador principal del antagonista ejecuta sus órdenes y mantiene su poder.","Permite mostrar la eficacia y alcance del villano sin que este esté siempre en escena.",first_plot_point;midpoint;climax,action_setpiece;confrontation,THRILLER;ACTION,CRIME_DRAMA,4,3,heightened_stylized,none,"loyalty;fear","honesty_vs_corruption;self_vs_community",major,community;national,warfare;social,4,20th_century;contemporary,MODERN_AMERICAN_CITY;MODERN_EUROPEAN_CITY,high,medium,"violence","R",true,"Secundario clave en relatos de crimen y política; su caída puede ser punto de giro importante.","","Definir si es mero ejecutor o si tiene agenda propia; eso condiciona su posible traición.",Secuencias de acción y presencia recurrente; presupuesto medio.",script_theory_extended,validated,"henchman;lieutenant;crime",0.85,1
WIZARD,Wizard,Mago,SUPPORTING_CHARACTER,supernatural_ally;sage,supporting,"Un mago ofrece conocimiento o poder mágico al protagonista.","Refuerza componente fantástico y de fábula; puede ser guía, aliado o figura ambigua.",setup;first_plot_point;midpoint,supernatural_event;Intimate_dialogue,FANTASY;ADVENTURE,DRAMA,3,3,heightened_stylized,light,"wonder;fear","self_vs_community",major,community,supernatural;relational,3,fantasy;middle_ages,FANTASY_KINGDOM;ARTHURIAN_LEGENDS,medium,high,"","PG-13",false,"Secundario típico en fantasía épica; a menudo se asocia al papel de mentor.","","Definir límites de su poder para que no resuelva todo el conflicto por sí mismo.",FX moderados y diseño de producción específicos; presupuesto medio.",script_theory_extended,validated,"wizard;magic;mentor",0.85,1
EVENTS_ACE_COMBAT,Ace Combat,Combate aéreo de ases,EVENT,set_piece_action,event,"Una secuencia de combate aéreo entre pilotos altamente cualificados.","Crear gran set piece visual y elevar stakes militares; ideal para cine bélico o sci-fi.",midpoint;second_plot_point;climax,action_setpiece;thrilling_chase,WAR;ACTION,SCIENCE_FICTION,4,4,heightened_stylized,none,"fear;excitement","duty_vs_desire;freedom_vs_oppression",minor;major,national;global,warfare,4,20th_century;near_future,WW2_EUROPE;SPACE,medium,high,"war","PG-13;R",true,"Set piece especializado; conviene integrarlo en arco emocional del piloto/protagonista.","","Preparar geografía aérea y ritmo de montaje desde desarrollo para que la escena sea comprensible.",Requiere FX, decorados de cabina y posibles maquetas/CGI; presupuesto alto.,script_theory_extended,validated,"air_combat;set_piece;war",0.8,1
EVENTS_AMBUSH,Ambush,Emboscada,EVENT,set_piece_action,event,"Un grupo es atacado por sorpresa, cambiando el curso del conflicto.","Introducir giro brusco en la ventaja narrativa; aumentar sensación de peligro.",first_plot_point;midpoint;second_plot_point,action_setpiece;confrontation,WAR;THRILLER;ACTION,CRIME_DRAMA,4,4,naturalistic;heightened_stylized,none,"fear;shock","justice_vs_injustice;freedom_vs_oppression",minor;major,community;national,warfare;social,4,20th_century;contemporary,GREAT_WAR;MODERN_AMERICAN_TOWN,medium,medium,"violence","PG-13;R",true,"Útil para escalada de stakes y mostrar vulnerabilidad de protagonistas.","","Usarla para cambiar objeto del conflicto (de ofensiva a supervivencia).",Coreografías de acción y extras; presupuesto medio-alto.,script_theory_extended,validated,"ambush;surprise_attack;set_piece",0.8,1
EVENTS_ANCIENT_PUZZLE,Ancient Puzzle,Enigma ancestral,EVENT,plot_pivot,event,"Un enigma antiguo debe resolverse para avanzar en la historia o evitar una catástrofe.","Servir de motor de trama en aventuras y fantasía; aporta intelecto y misterio.",first_plot_point;midpoint,revelation;exploration,ADVENTURE;FANTASY;THRILLER,MYSTERY,3,3,heightened_stylized,none,"curiosity;frustration","self_vs_community",minor;major,community;global,exploration;supernatural,3,ancient;fantasy,FANTASY_KINGDOM;ANCIENT_EGYPT;ANCIENT_CHINA,medium,high,"","PG-13",false,"Buen recurso para estructurar búsqueda; conviene que la solución tenga carga emocional, no solo lógica.","","Evitar puzzles arbitrarios desconectados de personajes y tema.",Decorados específicos (tumbas, templos) y props elaborados; presupuesto medio-alto.,script_theory_extended,validated,"puzzle;quest;mystery",0.8,1
EVENTS_BANK_ROBBERY,Bank Robbery,Atraco a un banco,EVENT,set_piece_action,event,"Un robo a un banco detona la trama o marca un punto de giro importante.","Crear gran set piece de acción y establecer stakes económicos y personales.",inciting_incident;first_plot_point;midpoint,action_setpiece;confrontation;thrilling_chase,THRILLER;ACTION,CRIME_DRAMA,3,3,heightened_stylized,light,"fear;excitement","law_vs_crime;self_vs_community",minor;major,community;national,warfare;social;institutional,4,20th_century;contemporary,MODERN_AMERICAN_CITY;MODERN_EUROPEAN_CITY,high,medium,"violence","PG-13;R",true,"Set piece clásico; excelente como apertura o primer giro de película de crimen.","","Usar la escena para revelar rasgos clave de protagonistas y antagonistas.",Localización específica, extras, efectos prácticos; presupuesto medio-alto.,script_theory_extended,validated,"heist;robbery;set_piece",0.8,1
EVENTS_BAR_BRAWL,Bar Brawl,Pelea de taberna,EVENT,set_piece_action,event,"Una pelea se desata en un bar, retrato de tensión interpersonal.","Aportar color local, mostrar relaciones y ofrecer acción contenida.",first_plot_point;midpoint,action_setpiece;comic_relief,WESTERN;DRAMA;COMEDY,DRAMEDY,3,3,naturalistic;heightened_stylized,light,"anger;excitement","self_vs_community",minor,community,relational;social,2,19th_century;20th_century;contemporary,WILD_WEST;MODERN_AMERICAN_TOWN;MODERN_EUROPEAN_TOWN,high,low,"violence","PG-13",true,"Recurso versátil, fácil de rodar; no debe alargar excesivamente la trama.",,"Utilizarla para presentar alianzas, enemistades y códigos no escritos de la comunidad.",Decorado de bar, stunt limitado; presupuesto bajo-medio.,script_theory_extended,validated,"bar_fight;local_color;conflict",0.7,1
EVENTS_BIG_BATTLE_SCENES,Big Battle Scenes,Grandes escenas de batalla,EVENT,set_piece_action,event,"Batallas de gran escala entre fuerzas enfrentadas.","Elevar la narrativa a nivel épico; resolver conflictos bélicos o fantásticos.",midpoint;climax,battle;action_setpiece,WAR;FANTASY;HISTORICAL,ACTION,4,4,heightened_stylized,none,"fear;patriotism","freedom_vs_oppression;self_vs_community",major,national;global,warfare,5,ancient;middle_ages;20th_century,ANCIENT_GREECE;MIDDLE_AGES;WW2_EUROPE;FANTASY_KINGDOM,medium,high,"war","R",true,"Set pieces que suelen ser clímax visual; requieren guion técnico muy preciso.","","Cuidar mapa de batalla, objetivos claros y mini-arcos dentro de la acción.",Altísimo uso de extras, FX y logística; presupuesto alto.,script_theory_extended,validated,"battle;epic;war",0.85,1
EVENTS_CAPTURED_AND_TORTURED,Captured and Tortured,Capturado y torturado,EVENT,set_piece_action;intense_event,event,"El protagonista o aliado es capturado y torturado por el antagonista.","Aumentar stakes físicos y psicológicos; catalizar cambios dramáticos.",midpoint;second_plot_point,Intimate_dialogue;confrontation;survival_sequence,THRILLER;DRAMA,HORROR,4,5,naturalistic,none,"fear;despair","hope_vs_despair",major,personal;community,warfare;social,4,20th_century;contemporary,GREAT_WAR;MODERN_AMERICAN_CITY,medium,medium,"violence;torture","R",true,"Recurso muy delicado; debe justificarse narrativamente y tratarse con respeto.","","Evitar la explotación gráfica innecesaria; enfocarse en consecuencias emocionales y morales.",Requiere rodajes intensos y coordinación de seguridad; presupuesto medio.,script_theory_extended,validated,"torture;captivity;stakes",0.75,1
EVENTS_CITY_SIEGE,City Siege,Asedio de una ciudad,EVENT,set_piece_action,event,"Una ciudad queda sitiada por fuerzas enemigas.","Crear situación de cerco prolongado; explorar resistencia, hambre y desesperación.",midpoint;second_plot_point;climax,battle;montage;survival_sequence,WAR;FANTASY;HISTORICAL,THRILLER,4,4,naturalistic;heightened_stylized,none,"fear;hope","freedom_vs_oppression",major,community;national,warfare;social,5,ancient;middle_ages;20th_century,ANCIENT_ROME;MIDDLE_AGES;WW2_EUROPE,medium,high,"war","R",true,"Ideal para relatos de resistencia; permite múltiples puntos de vista dentro de la ciudad.",,"Intercalar vidas cotidianas con grandes momentos de batalla para dar textura a la experiencia.",Logística grande, decorados, extras; presupuesto alto.,script_theory_extended,validated,"siege;resistance;war",0.8,1
EVENTS_ESCAPE_CAPTIVITY,Escape Captivity,Escape del cautiverio,EVENT,set_piece_action;turning_point,event,"El protagonista o un grupo escapan de una situación de cautiverio.","Proporcionar punto de giro físico y emocional hacia la acción o la libertad.",midpoint;second_plot_point,action_setpiece;thrilling_chase,THRILLER;ADVENTURE,DRAMA,4,3,naturalistic;heightened_stylized,none,"fear;hope","freedom_vs_oppression",major,personal;community,warfare;relational,4,20th_century;contemporary;fantasy,MODERN_AMERICAN_CITY;FANTASY_KINGDOM,high,medium,"violence","PG-13;R",true,"Set piece dinámico; puede ser clímax de un arco de cautiverio o abrir un tercer acto.",,"Usarlo para mostrar ingenio y cooperación entre personajes.",Necesita planificación de espacios confinados y persecuciones; presupuesto medio-alto.,script_theory_extended,validated,"escape;captivity;freedom",0.85,1
EVENTS_FINAL_SHOWDOWN,Final Showdown,Enfrentamiento final,EVENT,climax_beats,event,"El protagonista y el antagonista se enfrentan directamente en el clímax.","Resolve el conflicto central; momento de mayor tensión dramática.",climax,confrontation;action_setpiece,DRAMA;ACTION;THRILLER,FANTASY,4,4,naturalistic;heightened_stylized,none,"fear;resolve","justice_vs_injustice;self_vs_community",major,personal;community;national,warfare;relational,5,variable,ANY_SETTING,high,medium,"violence","PG-13;R",true,"Momento obligatorio en muchas estructuras clásicas; debe recogerse todo lo plantado antes.","","Cuidar que el enfrentamiento sea significativo más allá de golpes: que decisiones y valores definan el resultado.",Dependiendo del género, puede ser escena íntima o gran set piece; presupuesto variable.,script_theory_extended,validated,"climax;showdown;face_off",1.0,1
EVENTS_JOUSTING_TOURNAMENT,Jousting Tournament,Torneo de justas,EVENT,set_piece_action,event,"Un torneo de justas reúne combatientes para competir por honor o recompensa.","Servir de arena para conflictos entre personajes y exhibición de habilidades.",first_plot_point;midpoint,action_setpiece;competition,FANTASY;HISTORICAL,WESTERNIZED_TOURNAMENT,3,3,heightened_stylized,light,"excitement;pride","duty_vs_desire;justice_vs_injustice",minor;major,community;national,warfare;social,3,middle_ages;fantasy,MIDDLE_AGES;ARTHURIAN_LEGENDS;FANTASY_KINGDOM,medium,high,"violence","PG-13",true,"Buen recurso para establecer jerarquías y rivalidades en mundos de caballeros y reinos.","","Usar cada combate para revelar rasgos concretos de los contendientes.",Requiere caballos y armaduras; presupuesto medio-alto.,script_theory_extended,validated,"tournament;joust;competition",0.75,1
EVENTS_PRISON_BREAK,Prison Break,Fuga de la cárcel,EVENT,set_piece_action;turning_point,event,"Se planea y ejecuta una fuga de prisión.","Proporcionar alto suspense y cambio de estado del protagonista (de cautivo a fugitivo).",midpoint;second_plot_point,planning_sequence;action_setpiece;thrilling_chase,THRILLER;CRIME_DRAMA,DRAMA,4,3,naturalistic,heightened_stylized,none,"fear;excitement","justice_vs_injustice;freedom_vs_oppression",major,community,warfare;institutional,4,20th_century;contemporary,MODERN_AMERICAN_CITY;WW2_EUROPE,high,medium,"violence","PG-13;R",true,"Set piece clásico muy atractivo para audiencia; requiere alta coherencia espacial y lógica en guion.",,"Integrar consecuencias a largo plazo de la fuga (búsqueda, sacrificios).",Decorados de prisión, extras, stunts; presupuesto medio-alto.,script_theory_extended,validated,"prison_break;escape;heist",0.85,1
EVENTS_RESCUE_MISSION,Rescue Mission,Misión de rescate,EVENT,set_piece_action;objective,event,"Un grupo se organiza para rescatar a alguien o algo en peligro.","Define objetivo claro y emocional; sustenta muchas historias de acción.",first_plot_point;midpoint;climax,action_setpiece;confrontation,ACTION;ADVENTURE,THRILLER,4,3,heightened_stylized,none,"fear;hope","self_vs_community;justice_vs_injustice",major,community;national,warfare;relational,4,20th_century;fantasy;near_future,WW2_EUROPE;FANTASY_KINGDOM;SPACE,medium,medium,"violence","PG-13;R",true,"Estructura muy reconocible; funciona mejor si el vínculo con lo que se rescata está bien establecido.","","Evitar misión abstracta; humanizar al objetivo del rescate.",Requiere secuencias de infiltración y combate; presupuesto medio-alto.,script_theory_extended,validated,"rescue;mission;team",0.9,1
EVENTS_SHOOTOUT,Shootout,Tiroteo,EVENT,set_piece_action,event,"Grupos armados se enfrentan en un intercambio de disparos.","Crear tensión y resolver conflictos rápidamente; típico de thrillers y western.",midpoint;second_plot_point;climax,action_setpiece;confrontation,THRILLER;ACTION;WESTERN,CRIME_DRAMA,4,4,naturalistic;heightened_stylized,none,"fear;excitement","law_vs_crime;justice_vs_injustice",minor;major,community,warfare;social,4,19th_century;20th_century;contemporary,WILD_WEST;MODERN_AMERICAN_CITY,high,medium,"violence","R",true,"Elemento muy usado; conviene cuidar planificación para diferenciarlo de otros tiroteos genéricos.","","Usar cobertura, posiciones y consecuencias para dar sentido dramático más allá de 'balas'.",Stunts, FX y coordinación de armas falsas; presupuesto medio-alto.,script_theory_extended,validated,"shootout;gunfight;set_piece",0.8,1
EVENTS_STAGECOACH_ROBBERY,Stagecoach Robbery,Robo de diligencia,EVENT,set_piece_action,event,"Una diligencia es asaltada en ruta.","Set piece clásico de western; genera conflicto y presenta bandidos y viajeros.",first_plot_point;midpoint,action_setpiece;confrontation,WESTERN;ADVENTURE,HISTORICAL,3,3,heightened_stylized,light,"fear;excitement","law_vs_crime",minor;major,community,warfare;social,3,19th_century,WILD_WEST;CARIBBEAN_ROUTES,medium,medium,"violence","PG-13",true,"Funciona bien como incidente incitador en relatos de frontera.","","Integrar la diversidad de personajes en la diligencia para subtramas interesantes.",Requiere exteriores, animales y stunts; presupuesto medio-alto.,script_theory_extended,validated,"stagecoach;robbery;western",0.75,1
EVENTS_SURVIVAL_TOURNAMENT,Survival Tournament,Torneo de supervivencia,EVENT,set_piece_action;structural_device,event,"Participantes compiten en un torneo donde perder puede significar la muerte.","Estructura clara episodios de enfrentamientos; ideal para thrillers distópicos.",first_plot_point;midpoint;second_plot_point;climax,competition;action_setpiece;Intimate_dialogue,THRILLER;SCIENCE_FICTION,HORROR,4,4,heightened_stylized,none,"fear;desperation","self_vs_community",major,community;national,warfare;social,4,near_future;far_future,DYSTOPIAN_FUTURISTIC_CITY;SPACE,medium,high,"violence","R",true,"Muy potente para crítica social y espectáculo; requiere diseño de reglas y pruebas.",,"Cuidar variedad de pruebas para evitar repetición; dar arcos individuales a participantes clave.",Decorados de pruebas, FX y extras; presupuesto alto.,script_theory_extended,validated,"tournament;survival;dystopia",0.85,1
EVENTS_TANK_COMBAT,Tank Combat,Combate de tanques,EVENT,set_piece_action,event,"Vehículos blindados se enfrentan en campo de batalla.","Añadir dimensión táctica y visual específica en relatos bélicos.",midpoint;climax,action_setpiece;battle,WAR;ACTION,HISTORICAL,4,4,naturalistic;heightened_stylized,none,"fear;excitement","duty_vs_desire;freedom_vs_oppression",minor;major,national,warfare,4,20th_century,WW2_EUROPE;WW2_AFRICA,medium,high,"war","R",true,"Set piece especializado; requiere fuerte planificación logística y técnica.",,"Integrar la perspectiva de la tripulación para humanizar la acción mecánica.",Equipos y vehículos específicos; presupuesto alto.,script_theory_extended,validated,"tank;battle;war",0.75,1
EVENTS_THRILLING_CHASE,Thrilling Chase,Persecución trepidante,EVENT,set_piece_action,event,"Una persecución intensa se desarrolla entre perseguidor y perseguido.","Generar alta tensión y dinamismo; clásico de acción y thriller.",first_plot_point;midpoint;second_plot_point,thrilling_chase;action_setpiece,THRILLER;ACTION,CRIME_DRAMA,4,3,heightened_stylized,none,"fear;excitement","self_vs_community",minor;major,community;national,warfare;social,4,20th_century;contemporary,MODERN_AMERICAN_CITY;MODERN_EUROPEAN_CITY,high,low,"violence","PG-13;R",true,"Recurso obligatorio en muchos thrillers; diferencia se logra por entorno y decisiones dramáticas.",,"Usar la persecución para mostrar rasgos de carácter (riesgo que acepta, a quién protege).",Vehículos, stunts y coordinación de tráfico; presupuesto medio-alto.,script_theory_extended,validated,"chase;set_piece;thriller",0.9,1
EVENTS_TRAIN_JOB,Train Job,Robo al tren,EVENT,set_piece_action,event,"Un tren es asaltado en marcha.","Set piece de acción clásica, especialmente en western e historias de crimen.","first_plot_point;midpoint,action_setpiece;thrilling_chase,WESTERN;THRILLER;ADVENTURE,CRIME_DRAMA,3,3,heightened_stylized,light,"excitement;fear","law_vs_crime",minor;major,community;national,warfare;social,4,19th_century;20th_century,WILD_WEST;WW2_EUROPE,medium,medium,"violence","PG-13;R",true,"Muy visual y atractivo para el público; requiere plan técnico sólido.",,"Combinar interior y exterior del tren para variedad visual.",Necesita tren real o set convincente; presupuesto medio-alto.,script_theory_extended,validated,"train;robbery;set_piece",0.8,1
EVENTS_WORLDWIDE_TRAVELING,Worldwide Traveling,Viaje por el mundo,EVENT,structural_device;montage,event,"La historia recorre múltiples países o ciudades.","Proporcionar sentido de escala y variedad cultural; ideal para aventuras, road movies y romances.",setup;throughline;midpoint,montage;establishing_shot,ADVENTURE;ROMANCE,DRAMA,3,2,naturalistic;heightened_stylized,light,"wonder;curiosity","self_vs_community",minor;major,global,exploration;social,3,20th_century;contemporary,GLOBAL_LOCATIONS,high,high,"","PG-13",false,"Dispositivo que puede convertirse en protagonista si no se controla; conviene que cada parada tenga propósito narrativo claro.","","Evitar turismo gratuito; vincular cada lugar con decisiones y cambios internos.",Viajes, múltiples localizaciones o recreaciones; presupuesto alto.,script_theory_extended,validated,"travel;road_movie;scale",0.75,1
EVENTS_RUNAWAY,Runaway,Huida,EVENT,turning_point;structural_device,event,"El protagonista o alguien cercano decide escapar de algo o alguien.","Marca ruptura con el status quo; inicia viaje físico o emocional.",inciting_incident;first_plot_point;midpoint,thrilling_chase;Intimate_dialogue,DRAMA;THRILLER,ADVENTURE,4,3,naturalistic,none,"fear;hope","self_vs_community",major,personal;community,relational;social,3,20th_century;contemporary,MODERN_AMERICAN_CITY;MODERN_EUROPEAN_CITY,high,low,"violence","PG-13",false,"Elemento estructural frecuente; puede dar inicio al road movie o a cambio de vida.",,"Asegurarse de que la huida no sea gratuita; que responda a conflicto bien definido.",Presupuesto variable; depende de cómo se visualice la huida.,script_theory_extended,validated,"runaway;escape;start_of_journey",0.8,1
EVENTS_ACCIDENTAL_MURDER,Accidental Murder,Asesinato accidental,EVENT,intimate_drama;turning_point,event,"El protagonista o alguien cercano causa la muerte de otra persona sin intención.","Generar culpa y dilemas morales; puede ser motor de thriller o drama íntimo.",inciting_incident;first_plot_point;midpoint,Intimate_dialogue;revelation;confrontation,DRAMA;THRILLER,CRIME_DRAMA,4,4,naturalistic,none,"guilt;fear","justice_vs_injustice;hope_vs_despair",major,personal;community,internal;social,4,20th_century;contemporary,MODERN_AMERICAN_CITY;MODERN_EUROPEAN_CITY,high,low,"violence","PG-13;R",true,"Elemento fuerte para dramas morales; exige tratamiento cuidadoso de víctimas y consecuencias.","","Cuidar que el accidente no parezca solo recurso de trama, sino momento clave del arco emocional.",Presupuesto bajo-medio; rodajes urbanos y algunas escenas de tensión policial.,script_theory_extended,validated,"accident;guilt;crime",0.8,1
EVENTS_BETRAYAL,Betrayal,Traición,EVENT,intimate_drama;turning_point,event,"Un personaje traiciona la confianza de otro de forma significativa.","Reconfigurar relaciones y lealtades; puede ser giro central del segundo acto.",midpoint;second_plot_point;climax,Intimate_dialogue;confrontation,DRAMA;THRILLER,ROMANCE,4,3,naturalistic,none,"sadness;anger","self_vs_community;honesty_vs_corruption",major,personal;community,relational;social,3,20th_century;contemporary,ANY_SETTING,high,low,"","PG-13",false,"Elemento universal en guion; puede sostener tanto tramas románticas como políticas.","","Construir bien el pacto previo para que la traición duela; evitar que llegue 'de la nada'.",Presupuesto bajo; centrado en interpretación y escenas de confrontación.,script_theory_extended,validated,"betrayal;trust;turning_point",0.9,1
EVENTS_BLACKMAIL,Blackmail,Chantaje,EVENT,intimate_drama;plot_pivot,event,"Alguien amenaza con revelar información comprometedora si no obtiene lo que quiere.","Crear presión constante y conflicto ético; útil en thrillers y dramas.",first_plot_point;midpoint;second_plot_point,Intimate_dialogue;revelation;confrontation,THRILLER;DRAMA,CRIME_DRAMA,4,3,naturalistic,none,"fear;shame","honesty_vs_corruption",major,personal;community,relational;social;institutional,3,20th_century;contemporary,MODERN_AMERICAN_CITY;MODERN_EUROPEAN_CITY,high,low,"","PG-13;R",false,"Recurso clásico para mantener tensión sostenida; conviene que lo chantajeado tenga agencia, no sea solo víctima pasiva.","","Usar el chantaje para revelar capas ocultas de personajes y estructuras.",Presupuesto bajo; requiere pocas localizaciones y mucho diálogo intenso.,script_theory_extended,validated,"blackmail;secret;pressure",0.8,1
EVENTS_CHEATING_SPOUSE,Cheating Spouse,Infidelidad conyugal,EVENT,intimate_drama,event,"Una pareja engaña a la otra, afectando profundamente su relación y entorno.","Explorar dolor, traición y redefinición de la identidad y del vínculo.",first_plot_point;midpoint;second_plot_point,Intimate_dialogue;revelation,DRAMA;ROMANCE,DRAMEDY,4,3,naturalistic,none,"sadness;anger","self_vs_community",major,personal;family,relational,3,20th_century;contemporary,MODERN_AMERICAN_CITY;MODERN_EUROPEAN_CITY,high,low,"sexual_content","PG-13;R",true,"Muy frecuente en dramas; debe tratarse con delicadeza para evitar melodrama vacío.","","Cuidar el punto de vista (de quién es la historia) y no simplificar personajes a buenos/malos.",Presupuesto bajo; espacios domésticos y pocos personajes.,script_theory_extended,validated,"infidelity;marriage;betrayal",0.8,1
EVENTS_CRIME_OF_NECESSITY,Crime of Necessity,Crimen por necesidad,EVENT,intimate_drama;ethical_dilemma,event,"Un personaje comete un delito porque considera que no tiene alternativa para sobrevivir o proteger a otros.","Plantear dilemas éticos y explorar límites de justicia y supervivencia.",first_plot_point;midpoint;second_plot_point,Intimate_dialogue;confrontation;revelation,DRAMA;THRILLER,CRIME_DRAMA,4,3,naturalistic,none,"fear;desperation","justice_vs_injustice;self_vs_community",major,personal;community,internal;social,3,20th_century;contemporary,MODERN_AMERICAN_CITY;MODERN_EUROPEAN_CITY,high,low,"crime","PG-13;R",true,"Elemento muy útil para hacer empatía con personajes técnicamente delincuentes.","","Clarificar la presión y ausencia de opciones para que el público entienda la decisión.",Presupuesto bajo-medio; escenas urbanas y algunas secuencias de delito.,script_theory_extended,validated,"necessity;crime;ethics",0.85,1
EVENTS_DIVORCE,Divorce,Divorcio,EVENT,intimate_drama;structural_device,event,"Una pareja inicia o completa un proceso de divorcio.","Reestructurar la unidad familiar y generar conflicto emocional profundo.",setup;first_plot_point;midpoint;second_plot_point,Intimate_dialogue;confrontation;family_scene,DRAMA,DRAMEDY,4,3,naturalistic,none,"sadness;relief","duty_vs_desire;self_vs_community",major,personal;family,relational,3,20th_century;contemporary,MODERN_AMERICAN_CITY;MODERN_EUROPEAN_CITY,high,low,"","PG-13",false,"Elemento central en muchos dramas contemporáneos; ideal para cine independiente centrado en relaciones.","","Definir claramente qué se rompe además del contrato legal (rutinas, sueños, promesas).",Presupuesto bajo; localizaciones cotidianas y abogados/familia.,script_theory_extended,validated,"divorce;family;relationship_break",0.8,1
EVENTS_FRAME_UP,Frame Up,Inculpación falsa,EVENT,intimate_drama;plot_pivot,event,"Al protagonista o aliado se le acusa injustamente de un crimen.","Crear tensión judicial y moral; motor para historias de acusado injusto.",inciting_incident;first_plot_point;midpoint;climax,investigation;confrontation;trial_scene,THRILLER;DRAMA,LEGAL_DRAMA,4,3,naturalistic,none,"fear;indignation","justice_vs_injustice",major,personal;community,internal;institutional,4,20th_century;contemporary,MODERN_AMERICAN_CITY;MODERN_EUROPEAN_CITY,high,low,"crime","PG-13;R",true,"Muy potente para generar empatía; exige coherencia en el mecanismo de la inculpación.","","Mostrar cómo el sistema falla y quién se beneficia de la falsa acusación.",Presupuesto medio; juzgados, comisarías y escenas de investigación.",script_theory_extended,validated,"wrongful_accusation;trial;system_failure",0.9,1
EVENTS_PROTAGONISTS_CLOSE_ONE_DIES,Protagonist's Close One Dies,Muere alguien cercano al protagonista,EVENT,intimate_drama;turning_point,event,"Una persona muy cercana al protagonista muere durante la historia.","Aumentar stakes emocionales y motivación; puede cambiar rumbo del arco.",first_plot_point;midpoint;second_plot_point,Intimate_dialogue;mourning_scene,DRAMA;THRILLER;WAR,ROMANCE,4,4,naturalistic,none,"grief;anger","hope_vs_despair;justice_vs_injustice",major,personal;family,internal;relational,4,20th_century;contemporary;war_settings,ANY_SETTING,high,low,"","PG-13;R",true,"Elemento intensamente emotivo; se debe usar con responsabilidad y no solo como shock barato.","","Asegurar que la pérdida tiene consecuencias duraderas en el comportamiento y decisiones del protagonista.",Presupuesto bajo; depende del contexto del fallecimiento.",script_theory_extended,validated,"death;loss;motivation",0.9,1
EVENTS_PROT_FRIEND_DIES,Protagonist's Friend Dies,Muere el amigo del protagonista,EVENT,intimate_drama;turning_point,event,"Un amigo del protagonista muere en el transcurso del conflicto.","Genera dolor y puede catalizar cambio de rumbo o deseo de venganza.",midpoint;second_plot_point,Intimate_dialogue;mourning_scene;battle,DRAMA;WAR;THRILLER,DRAMEDY,4,4,naturalistic,light,"grief;anger","self_vs_community;justice_vs_injustice",major,personal;community,internal;warfare,4,20th_century;contemporary;war_settings,GREAT_WAR;WW2_EUROPE;MODERN_AMERICAN_CITY,high,medium,"violence","PG-13;R",true,"Recurso clásico (friend death) para subir stakes; conviene que el amigo esté bien construido antes.","","Evitar caer en tokenismo (amigo que solo existe para morir); darle escenas previas significativas.",Presupuesto bajo; efectos según contexto de muerte.",script_theory_extended,validated,"friend;death;stakes",0.85,1
EVENTS_SAVING_BELOVED,Saving Beloved,Salvar al ser amado,EVENT,intimate_drama;objective,event,"El protagonista debe salvar a alguien que ama.","Establecer objetivo emocional claro y sencillo para el público.",first_plot_point;midpoint;climax,action_setpiece;Intimate_dialogue,ROMANCE;ACTION;THRILLER,DRAMEDY,3,3,heightened_stylized,none,"love;fear","self_vs_community",major,personal,relational,3,20th_century;contemporary;fantasy,ANY_SETTING,high,low,"violence","PG-13",false,"Muy útil como motor de tercer acto; fácil de comunicar en logline.","","Cuidar que la persona salvada no sea solo objeto; darle voz y agencia.",Presupuesto variable; depende del contexto del rescate.",script_theory_extended,validated,"rescue;love;stakes",0.85,1
EVENTS_SELFSACRIFICE,Self-Sacrifice,Sacrificio propio,EVENT,intimate_drama;climax_beat,event,"Un personaje se sacrifica voluntariamente por el bien de otros.","Crear momento de alto impacto emocional; ideal para clímax de historias heroicas.",climax,action_setpiece;Intimate_dialogue,DRAMA;FANTASY;WAR,THRILLER,4,4,heightened_stylized,none,"love;resolve","self_vs_community",major,personal;community,internal;warfare,5,variable,ANY_SETTING,high,medium,"","PG-13;R",false,"Elemento clave en épica y dramas fuertes; debe construirse desde el inicio para sentirse inevitable y sentido.","","Mostrar el precio y las consecuencias del sacrificio, no solo el gesto heroico.",Requiere diseño de escena de impacto; presupuesto variable según contexto.",script_theory_extended,validated,"sacrifice;heroism;climax",0.95,1
EVENTS_WEDDING,Wedding,Boda,EVENT,intimate_drama;structural_device,event,"Una boda se celebra o se prepara dentro de la historia.","Momento de celebración, resolución o tensión según se cumpla o se frustre.",midpoint;climax;epilogue,Intimate_dialogue;family_scene;comic_relief,ROMANCE;DRAMA;COMEDY,DRAMEDY,2,1,naturalistic,light,"joy;anxiety","self_vs_community",minor;major,personal;family,relational;social,2,20th_century;contemporary,MODERN_AMERICAN_TOWN;MODERN_EUROPEAN_TOWN,high,low,"","PG",false,"Dispositivo muy reconocible; puede servir como clímax romántico o punto de ruptura.",,"Usar el evento para recoger múltiples subtramas (reconciliaciones, revelaciones, conflictos).",Decorados y vestuario específicos; presupuesto medio.",script_theory_extended,validated,"wedding;celebration;family",0.9,1
EVENT_CURSED_DEAL,Cursed Deal,Pacto maldito,EVENT,intimate_drama;supernatural_pivot,event,"Un personaje acepta un pacto aparentemente beneficioso que conlleva consecuencias terribles.","Crear dilema claro entre beneficio inmediato y coste futuro; ideal para horror y fantasía.",inciting_incident;first_plot_point;midpoint,supernatural_event;Intimate_dialogue;revelation,HORROR;FANTASY,THRILLER,4,4,heightened_stylized,none,"desire;fear","duty_vs_desire;justice_vs_injustice",major,personal;community,supernatural;internal,4,ancient;fantasy,ANCIENT_EUROPE;FANTASY_KINGDOM,medium,high,"","PG-13;R",true,"Recurso clásico de cuentos y relatos sobrenaturales; conviene que el precio esté ligado al tema central.","","Mostrar tentación de forma comprensible y el proceso de racionalización del personaje.",FX y simbolismo visual; presupuesto medio.",script_theory_extended,validated,"deal_with_devil;curse;temptation",0.85,1
THEME_AVENGING_LOVED_ONES,Avenging Loved Ones,Vengar a un ser querido,THEME,moral_theme,theme,"Un personaje busca vengar el daño o muerte de alguien querido.","Proporcionar motivación fuerte y clara; sostiene relatos de venganza y justicia personal.",inciting_incident;first_plot_point;midpoint;second_plot_point;climax,confrontation;action_setpiece;Intimate_dialogue,DRAMA;ACTION;THRILLER,CRIME_DRAMA,4,4,naturalistic;heightened_stylized,none,"anger;grief","justice_vs_injustice;self_vs_community",major,personal;community,internal;relational;warfare,5,20th_century;contemporary;war_settings,ANY_SETTING,high,low,"violence","PG-13;R",true,"Tema muy usado en cine comercial; fácil de comunicar en logline y trailers.","","Cuidar que la venganza transforme al personaje (para bien o para mal), no solo sea cadena de set pieces.",Presupuesto variable; depende de escala de acción asociada.",script_theory_extended,validated,"revenge;loss;justice",0.9,1
THEME_A_CURSE,A Curse,Una maldición,THEME,supernatural_theme,theme,"Una maldición condiciona la vida de personajes o comunidad.","Introduce dimensión sobrenatural de destino y castigo; útil en horror y fantasía.",inciting_incident;first_plot_point;midpoint;climax,supernatural_event;revelation,HORROR;FANTASY,THRILLER,4,4,heightened_stylized,none,"fear;despair","hope_vs_despair;justice_vs_injustice",major,personal;community,supernatural;internal,4,ancient;fantasy,ANCIENT_EUROPE;FANTASY_KINGDOM,medium,high,"","PG-13;R",true,"Tema clásico de cuentos y leyendas; puede funcionar como metáfora de culpa heredada o trauma.",,"Definir origen y condiciones de la maldición y cómo se puede romper o aceptar.",FX moderados y diseño simbólico; presupuesto medio.,script_theory_extended,validated,"curse;fate;supernatural",0.85,1
THEME_DESTRUCTIVE_ROMANCE,Destructive Romance,Romance destructivo,THEME,romantic_theme,theme,"Una relación romántica intensa acaba dañando a los implicados.","Explorar amor tóxico, dependencia y sacrificios mal dirigidos.",first_plot_point;midpoint;second_plot_point;climax,Intimate_dialogue;confrontation,DRAMA;ROMANCE,DRAMEDY,4,4,naturalistic,none,"love;despair","self_vs_community",major,personal;community,internal;relational,3,20th_century;contemporary,MODERN_AMERICAN_CITY;MODERN_EUROPEAN_CITY,high,low,"sexual_content","PG-13;R",true,"Tema frecuente en dramas serios; requiere mostrar tanto atracción como daño progresivo.","","Evitar glorificar la toxicidad; cuidar la mirada ética sobre la relación.",Presupuesto bajo; centrado en interpretación y espacios cotidianos.",script_theory_extended,validated,"toxic_love;dependency;tragedy",0.8,1
THEME_EVIL_TRANSFORMATION,Evil Transformation,Transformación al mal,THEME,character_arc_theme,theme,"Alguien se transforma progresivamente en una versión maligna de sí mismo.","Permite explorar corrupción moral, poder y caída de un héroe o aliado.",midpoint;second_plot_point;climax,Intimate_dialogue;confrontation,DRAMA;THRILLER;FANTASY,CRIME_DRAMA,4,4,heightened_stylized,none,"pride;fear","honesty_vs_corruption;hope_vs_despair",major,personal;community,internal;social,4,variable,ANY_SETTING,high,low,"","PG-13;R",false,"Tema fuerte para arcos de villano o antihero; exige trazado cuidadoso de escalones de corrupción.","","Mostrar pequeñas decisiones que parecen justificables y acumulan el cambio, evitando salto brusco inverosímil.",Presupuesto variable; depende de género y visualización del cambio.",script_theory_extended,validated,"corruption;fall_from_grace;villain_origin",0.85,1
THEME_FIGHT_FOR_FREEDOM,Fight for Freedom,Lucha por la libertad,THEME,moral_theme;political_theme,theme,"Personajes luchan contra opresión para obtener libertad personal o colectiva.","Sostiene relatos épicos y dramas políticos; conecta fácilmente con el público.",first_plot_point;midpoint;second_plot_point;climax,battle;confrontation;montage,WAR;DRAMA;FANTASY,THRILLER,4,4,naturalistic;heightened_stylized,none,"hope;anger","freedom_vs_oppression;self_vs_community",major,community;national;global,warfare;social,5,ancient;middle_ages;20th_century;near_future,ANCIENT_ROME;MIDDLE_AGES;WW2_EUROPE;DYSTOPIAN_FUTURISTIC_CITY,medium,high,"war","PG-13;R",true,"Tema muy potente y clásico; ideal para historias de revolución, resistencia y independencia.","","Anclar la lucha en personajes concretos y sus pérdidas para evitar abstracción propagandística.",Producción medio-alta; batallas, manifestaciones, símbolos.",script_theory_extended,validated,"freedom;revolution;resistance",0.9,1
THEME_FRAGMENTED_NARRATIVE,Fragmented Narrative,Narrativa fragmentada,THEME,structural_theme,theme,"La historia se cuenta de forma no lineal o fragmentada.","Permite trabajar memoria, subjetividad y misterio; más típico de cine autoral.",setup;throughline;midpoint;climax,flashback;revelation,DRAMA;THRILLER,ART_HOUSE,4,3,naturalistic;heightened_stylized,none,"curiosity;confusion","self_vs_community",major,personal;community,internal,3,variable,ANY_SETTING,high,low,"","PG-13",false,"Dispositivo exigente; requiere gran cuidado en montaje y claridad interna.","","Asegurar que cada fragmento añade información emocional, no solo juegos formales.",Puede aumentar costes de rodaje por multiplicidad de tiempos y lugares.",script_theory_extended,validated,"nonlinear;memory;subjective",0.7,1
THEME_FROM_SMALL_TOWN_TO_BIG_TIME,From Small Town to Big Time,Del pueblo a la gran ciudad,THEME,social_theme;coming_of_age,theme,"Alguien deja un entorno pequeño para perseguir sueños en un contexto mayor.","Explorar movilidad social, choque cultural y redefinición de identidad.",setup;first_plot_point;midpoint;climax,montage;Intimate_dialogue,DRAMA;ROMANCE;COMEDY,DRAMEDY,3,2,naturalistic,light,"hope;fear","self_vs_community",major,personal;community,internal;social,3,20th_century;contemporary,SMALL_TOWN_SETTINGS;MODERN_AMERICAN_CITY;MODERN_EUROPEAN_CITY,high,low,"","PG-13",false,"Tema base de muchos relatos de ascenso vital y profesional.","","Evitar simplificar ciudad=éxito, pueblo=atraso; trabajar ambivalencias.",Presupuesto bajo-medio; road trips y cambios de localización.",script_theory_extended,validated,"small_town_vs_city;ambition;coming_of_age",0.8,1
THEME_GENERATIONAL_CONFLICT,Generational Conflict,Conflicto generacional,THEME,family_theme,theme,"Generaciones distintas chocan en valores, expectativas y formas de vida.","Sostiene dramas familiares y comedias sobre padres/hijos.",setup;midpoint;climax,Intimate_dialogue;family_scene,DRAMA;COMEDY,DRAMEDY,3,2,naturalistic,light,"frustration;love","self_vs_community;freedom_vs_oppression",major,personal;family,relational;social,3,20th_century;contemporary,MODERN_EUROPEAN_TOWN;MODERN_AMERICAN_TOWN,high,low,"","PG-13",false,"Tema universal y flexible; funciona en casi cualquier entorno cultural.",,"Dar voz y razones comprensibles a ambas generaciones para evitar caricaturas.",Presupuesto bajo; centrado en interpretación.",script_theory_extended,validated,"generation_gap;family;values",0.85,1
THEME_GOLD_FEVER,Gold Fever,Fiebre del oro,THEME,social_theme;greed_theme,theme,"La codicia desatada por riqueza potencial mueve a personajes a extremos.","Explorar obsesión y degradación moral asociada al dinero.",first_plot_point;midpoint;second_plot_point,confrontation;montage,WESTERN;DRAMA,ADVENTURE,4,3,naturalistic;heightened_stylized,none,"desire;greed","honesty_vs_corruption;self_vs_community",major,community;national,internal;social,4,19th_century;historical;near_future,WILD_WEST;ANCIENT_GREECE;RESOURCE_RUSH_SETTINGS,medium,medium,"","PG-13;R",true,"Tema clásico; se puede actualizar con criptomonedas, real estate o tech boom.","","Mostrar escalada de riesgos y pérdidas que acompañan la fiebre.",Producción media; depende del contexto económico usado.",script_theory_extended,validated,"greed;gold_rush;obsession",0.8,1
THEME_GREED,Greed,Codicia,THEME,moral_theme;character_flaw,theme,"La avaricia guía decisiones clave de personajes.","Ofrecer motor interno para conflictos y traiciones; útil en drama, thriller y comedia negra.",first_plot_point;midpoint;second_plot_point,Intimate_dialogue;confrontation,DRAMA;THRILLER;COMEDY,CRIME_DRAMA,4,3,naturalistic,light,"desire;frustration","honesty_vs_corruption",major,personal;community,internal;social,3,variable,ANY_SETTING,high,low,"","PG-13;R",false,"Tema sencillo pero potente; mejor si se encarna en decisiones concretas más que en diálogos abstractos.","","Cuidar arco: que la codicia tenga consecuencias definidas, no solo anécdotas.",Presupuesto variable; adaptable a cualquier escala.",script_theory_extended,validated,"greed;flaw;corruption",0.85,1
THEME_LONG_JOURNEY,Long Journey,El largo viaje / odisea,THEME,structural_theme,theme,"La historia se articula como un viaje prolongado físico o metafórico.","Permite sumar episodios y encuentros; ideal para road movies y fantasía épica.",setup;throughline;midpoint;climax,montage;exploration,ADVENTURE;DRAMA,FANTASY,3,2,naturalistic;heightened_stylized,light,"curiosity;fatigue","self_vs_community",major,personal;community,exploration;internal,3,ancient;fantasy;20th_century,ODYSSEY_SETTINGS;FANTASY_KINGDOM;ROAD_MOVIE_SETTINGS,high,medium,"","PG-13",false,"Tema estructural; conviene que cada etapa añada cambio interno, no solo decorado.",,"Definir punto de partida y destino con claridad temática.",Puede aumentar costes por rodajes múltiples.",script_theory_extended,validated,"journey;odyssey;road_movie",0.8,1
THEME_LOVE_TRIANGLE,Love Triangle,Triángulo amoroso,THEME,romantic_theme,theme,"Tres personajes se ven atrapados en una dinámica romántica tripartita.","Generar conflicto emocional continuado y dilemas de elección.",first_plot_point;midpoint;second_plot_point,Intimate_dialogue;comic_relief,ROMANCE;DRAMA,DRAMEDY,3,2,naturalistic,light,"love;jealousy","self_vs_community",major,personal,relational,3,20th_century;contemporary,MODERN_AMERICAN_CITY;MODERN_EUROPEAN_CITY,high,low,"","PG-13",false,"Tema muy explotado; requiere matizar las tres posiciones para evitar clichés.","","Evitar que uno de los tres sea claramente 'descartable'; trabajar tensiones reales.",Presupuesto bajo; centrado en interpretación.",script_theory_extended,validated,"triangle;choice;jealousy",0.85,1
THEME_LOVERS_TAKE_A_BREAK,Lovers Take a Break,La pareja que se separa,THEME,romantic_theme;structural_theme,theme,"Una pareja decide separarse temporalmente.","Genera espacio para explorar identidad individual y dudas sobre la relación.",midpoint;second_plot_point,Intimate_dialogue;montage,ROMANCE;DRAMA,DRAMEDY,3,2,naturalistic,light,"sadness;hope","self_vs_community",major,personal,relational,2,20th_century;contemporary,MODERN_EUROPEAN_CITY;MODERN_AMERICAN_CITY,high,low,"","PG-13",false,"Tema común en comedias románticas modernas; útil para tercer acto de reconciliación o ruptura.",,"Definir reglas del 'break' y las tentaciones externas para dar carne dramática.",Presupuesto bajo.",script_theory_extended,validated,"breakup;pause;relationship",0.8,1
THEME_MOB_WAR,Mob War,Guerra entre bandas,THEME,social_theme;crime_theme,theme,"Bandas criminales se enfrentan por territorio o poder.","Elevar un conflicto local a guerra organizada; ideal para sagas de crimen.",first_plot_point;midpoint;second_plot_point;climax,action_setpiece;confrontation;montage,THRILLER;CRIME_DRAMA,DRAMA,4,4,naturalistic;heightened_stylized,none,"fear;pride","honesty_vs_corruption;self_vs_community",major,community;national,warfare;social,4,20th_century;contemporary,MODERN_AMERICAN_CITY;MODERN_EUROPEAN_CITY,medium,medium,"violence","R",true,"Tema clásico en historias de mafia; requiere buena estructura de familias, alianzas y traiciones.","","Cuidar claridad de quién está contra quién en cada momento.",Presupuesto medio-alto; múltiples localizaciones y reparto amplio.",script_theory_extended,validated,"gang_war;mafia;crime",0.85,1
THEME_ONE_LAST_JOB,One Last Job,El último trabajo,THEME,structural_theme;character_theme,theme,"Alguien retirado acepta hacer un último trabajo.",,"Explorar tensión entre retiro y recaída; útil en heists y thrillers de acción.",first_plot_point;midpoint;climax,planning_sequence;action_setpiece,THRILLER;ACTION,CRIME_DRAMA,4,3,naturalistic;heightened_stylized,none,"regret;hope","duty_vs_desire",major,personal;community,internal;social,4,20th_century;contemporary,MODERN_AMERICAN_CITY;MODERN_EUROPEAN_CITY,high,low,"crime","PG-13;R",false,"Tema muy cinematográfico; aporta nostalgia y expectativas altas.","","Plantar desde el inicio por qué se retiró y qué lo hace volver; que el último trabajo tenga consecuencias reales.",Presupuesto medio-alto; secuencias de planificación y ejecución.",script_theory_extended,validated,"one_last_job;retired;heist",0.9,1
THEME_PROTAGONIST_PASSES_THE_TORCH,Protagonist Passes the Torch,El protagonista pasa el testigo,THEME,legacy_theme,theme,"Un protagonista cede su rol o responsabilidad a otra persona.","Cerrar ciclos y abrir nueva etapa; útil para finales de saga o historias de mentoría.",climax;epilogue,Intimate_dialogue;ceremony,DRAMA;FANTASY;SUPERHERO,COMING_OF_AGE,3,2,naturalistic;heightened_stylized,none,"pride;sadness","self_vs_community",major,personal;community,relational,3,variable,ANY_SETTING,high,low,"","PG-13",false,"Tema ideal para transiciones de franquicia o de liderazgo dentro de la historia.","","Visibilizar proceso de aprendizaje y selección de heredero; evitar transferencia arbitraria.",Presupuesto variable; funciona incluso en producciones modestas.",script_theory_extended,validated,"legacy;mentor;succession",0.9,1
THEME_PROTAGONIST_ROPED_BACK_IN,Protagonist Roped Back In,El retirado arrastrado de vuelta,THEME,structural_theme;character_theme,theme,"Alguien que se había retirado es obligado a volver al conflicto.","Combinar paz aparente con regreso forzado; base de muchos thrillers.",inciting_incident;first_plot_point;midpoint,Intimate_dialogue;confrontation;action_setpiece,THRILLER;ACTION,DRAMA,4,3,naturalistic;heightened_stylized,none,"frustration;resolve","duty_vs_desire",major,personal;community,internal;social,4,20th_century;contemporary,MODERN_AMERICAN_CITY;WW2_EUROPE,high,low,"","PG-13;R",false,"Tema muy eficaz para público: 'no quería volver pero no tiene elección'.","","Asegurar que la razón para volver sea fuerte y creíble (familia, amenaza global, culpa).",Presupuesto medio-alto; secuencias de reactivación.",script_theory_extended,validated,"pulled_back_in;retired;conflict",0.85,1
THEME_PROTECTING_THE_WITNESS,Protecting the Witness,Proteger al testigo,THEME,plot_theme,theme,"Personajes deben proteger a alguien que posee información crucial.","Establece eje claro de amenaza y objetivo; ideal para thrillers legales.",first_plot_point;midpoint;second_plot_point,action_setpiece;Intimate_dialogue,THRILLER;DRAMA,LEGAL_DRAMA,4,3,naturalistic,none,"fear;resolve","justice_vs_injustice;self_vs_community",major,personal;community,relational;institutional,4,20th_century;contemporary,MODERN_AMERICAN_CITY;MODERN_EUROPEAN_CITY,high,low,"","PG-13;R",false,"Tema funcional pero potente; se integra muy bien con personajes de policía, abogado o periodista.","","Cuidar el arco del propio testigo: no solo 'pakete', sino alguien con dilemas y evolución.",Presupuesto medio; persecuciones, escondites y juicios.",script_theory_extended,validated,"witness_protection;trial;threat",0.85,1
THEME_READJUSTING_TO_LIFE,Readjusting to Life,Reajustarse a la vida civil,THEME,character_theme;social_theme,theme,"Tras un conflicto extremo, alguien debe adaptarse de nuevo a la vida ordinaria.","Explorar trauma, identidad y desconexión; frecuente con veteranos y exdelincuentes.",setup;midpoint;climax,Intimate_dialogue;family_scene,DRAMA,DRAMEDY,4,3,naturalistic,none,"guilt;hope","hope_vs_despair;self_vs_community",major,personal;community,internal;social,3,20th_century;contemporary,MODERN_EUROPEAN_TOWN;MODERN_AMERICAN_TOWN,high,low,"","PG-13;R",true,"Tema profundo; invita a tono más contemplativo que espectacular.",,"Cuidar la relación entre protagonista y su entorno (familia, trabajo, comunidad).",Presupuesto bajo-medio; centrado en interpretación.",script_theory_extended,validated,"readjustment;veteran;post_conflict",0.8,1
THEME_SEARCH_KILLER,Search Killer,Búsqueda del asesino,THEME,plot_theme;investigation_theme,theme,"El eje de la historia es encontrar a un asesino concreto.","Sostiene thrillers y policiales clásicos; estructura investigación y revelación.",inciting_incident;first_plot_point;midpoint;second_plot_point;climax,investigation;revelation;confrontation,THRILLER;DETECTIVE,CRIME_DRAMA,4,4,naturalistic,none,"fear;curiosity","justice_vs_injustice",major,community;national,internal;social;institutional,4,20th_century;contemporary,MODERN_AMERICAN_CITY;MODERN_EUROPEAN_CITY,high,low,"violence","R",true,"Tema base de muchos procedimientos policíacos; requiere lógica de caso bien trabajada.","","Estructurar la investigación en pistas y falsos sospechosos coherentes.",Presupuesto medio; múltiples localizaciones y reparto amplio.",script_theory_extended,validated,"investigation;killer;case",0.9,1
THEME_SOCIAL_REJECTION,Social Rejection,Rechazo social,THEME,social_theme;character_theme,theme,"Un personaje sufre rechazo social persistente.","Explorar pertenencia, discriminación y autoestima; útil en dramas y coming of age.",setup;midpoint;climax,Intimate_dialogue;confrontation,DRAMA,DRAMEDY,4,3,naturalistic,none,"loneliness;hope","self_vs_community",major,personal;community,internal;social,3,20th_century;contemporary,MODERN_EUROPEAN_TOWN;MODERN_AMERICAN_TOWN,high,low,"","PG-13",false,"Tema muy valioso; hay que evitar explotarlo sin ofrecer caminos de agencia o dignidad.",,"Cuidar representación de grupos que marginan para no caer en simplificaciones.",Presupuesto bajo; centrado en interpretación.",script_theory_extended,validated,"outcast;bullying;identity",0.85,1
THEME_SPY_GAMES,Spy Games,Juegos de espionaje,THEME,plot_theme;political_theme,theme,"La trama gira alrededor de maniobras de espionaje, traiciones y dobles agentes.","Permite alta intriga, tensión y juego de información.",first_plot_point;midpoint;second_plot_point;climax,investigation;revelation;action_setpiece,THRILLER;ACTION,SPY_GENRE,4,3,heightened_stylized,none,"fear;excitement","honesty_vs_corruption;freedom_vs_oppression",major,national;global,institutional;warfare,4,20th_century;near_future,MOD
THEME_SPY_GAMES,Spy Games,Juegos de espionaje,THEME,plot_theme;political_theme,theme,"La trama gira alrededor de maniobras de espionaje, traiciones y dobles agentes.","Permite alta intriga, tensión y juego de información con cambios de lealtad.",first_plot_point;midpoint;second_plot_point;climax,investigation;revelation;action_setpiece,THRILLER;ACTION,SPY_GENRE,4,3,heightened_stylized,none,"fear;excitement","honesty_vs_corruption;freedom_vs_oppression",major,national;global,institutional;warfare,4,20th_century;near_future,MODERN_AMERICAN_CITY;DYSTOPIAN_FUTURISTIC_CITY,medium,medium,"","PG-13;R",false,"Tema base del cine de espías; requiere claridad en el mapa de relaciones y organizaciones.","","Planear bien quién sabe qué en cada momento para evitar confusión o deus ex machina.",Presupuesto medio-alto; varias localizaciones, gadgets y secuencias de acción.,script_theory_extended,validated,"espionage;double_agent;intrigue",0.9,1
THEME_STRUGGLE_FOR_BETTER_LIFE,Struggle for Better Life,Lucha por una vida mejor,THEME,social_theme;character_theme,theme,"Personajes luchan por mejorar sus condiciones de vida.","Sostiene dramas sociales, migratorios y de clase.",setup;first_plot_point;midpoint;climax,Intimate_dialogue;montage,DRAMA,DRAMEDY,4,3,naturalistic,none,"hope;frustration","freedom_vs_oppression;self_vs_community",major,personal;community,internal;social,3,20th_century;contemporary,MODERN_AMERICAN_TOWN;MODERN_EUROPEAN_TOWN,high,low,"","PG-13",false,"Tema fundamental para cine social y de personajes; conecta con público amplio.","","Evitar moralejas simplistas; mostrar complejidad de la movilidad social.",Presupuesto bajo-medio; localizaciones realistas.,script_theory_extended,validated,"social_climb;poverty;aspiration",0.85,1
THEME_STRUGGLE_FOR_POWER,Struggle for Power,Lucha por el poder,THEME,political_theme;character_theme,theme,"Individuos o grupos compiten por obtener o mantener poder.","Eje central en dramas políticos, mafiosos y fantasía épica.",first_plot_point;midpoint;second_plot_point;climax,confrontation;revelation;Intimate_dialogue,DRAMA;THRILLER;FANTASY,CRIME_DRAMA,4,4,naturalistic;heightened_stylized,none,"pride;fear","self_vs_community;honesty_vs_corruption",major,community;national,warfare;social;institutional,4,ancient;middle_ages;20th_century;near_future,ANCIENT_ROME;MIDDLE_AGES;DYSTOPIAN_FUTURISTIC_CITY,medium,medium,"","PG-13;R",false,"Tema clásico de 'tronos y despachos'; da estructura clara de ascensos y caídas.","","Definir reglas de poder (legal, simbólico, militar) y cómo se ganan o pierden.",Presupuesto medio-alto; sets institucionales y posible escala bélica.,script_theory_extended,validated,"power_struggle;politics;succession",0.9,1
THEME_SURVIVING_IN_WARTIME,Surviving in Wartime,Sobrevivir en tiempos de guerra,THEME,war_theme;character_theme,theme,"Personajes intentan sobrevivir a un conflicto bélico más que ganarlo.","Traslada foco del combate al impacto humano cotidiano.",setup;midpoint;climax,survival_sequence;Intimate_dialogue,DRAMA;WAR,THRILLER,4,4,naturalistic,none,"fear;hope","hope_vs_despair;self_vs_community",major,personal;community,warfare;social,4,20th_century,GREAT_WAR;WW2_EUROPE;WW2_AFRICA,medium,medium,"war","R",true,"Tema profundo; útil para historias centradas en civiles o soldados agotados.","","Cuidar equilibrio entre horror y momentos de humanidad para evitar saturación.",Presupuesto medio-alto; extras y localizaciones de guerra.,script_theory_extended,validated,"wartime;civilian;survival",0.85,1
THEME_TREASURE_HUNT,Treasure Hunt,Búsqueda del tesoro,THEME,adventure_theme;plot_theme,theme,"Personajes emprenden búsqueda de un tesoro físico o simbólico.","Ofrece estructura de objetivo y pistas; ideal para aventuras familiares.",first_plot_point;midpoint;second_plot_point;climax,exploration;action_setpiece;revelation,ADVENTURE;FANTASY,COMEDY,3,2,heightened_stylized,light,"curiosity;excitement","self_vs_community",minor;major,community;global,exploration;social,3,ancient;fantasy;20th_century,FANTASY_KINGDOM;ANCIENT_EGYPT;CARIBBEAN,medium,medium,"","PG-13",false,"Tema muy apto para público familiar; se presta a puzzles, mapas y personajes pintorescos.","","Usar el tesoro como metáfora (familia, memoria, perdón) para dar profundidad al final.",Presupuesto medio-alto; variedad de localizaciones de aventura.,script_theory_extended,validated,"treasure;quest;adventure",0.9,1
THEME_UNIFORM_HEROISM,Uniform Heroism,Heroísmo uniformado,THEME,war_theme;moral_theme,theme,"Personajes en uniforme (militar, policial, sanitario) actúan heroicamente.","Visibiliza sacrificios y dilemas de profesiones de servicio.",first_plot_point;midpoint;climax,action_setpiece;Intimate_dialogue,WAR;DRAMA;THRILLER,CRIME_DRAMA,4,3,naturalistic;heightened_stylized,none,"fear;pride","duty_vs_desire;self_vs_community",major,community;national,warfare;institutional,4,20th_century;contemporary,GREAT_WAR;WW2_EUROPE;MODERN_AMERICAN_CITY,medium,medium,"war","PG-13;R",true,"Tema muy usado en cine patriótico y dramas de servicios públicos.","","Cuidar representación realista de instituciones sin idealización total ni cinismo extremo.",Presupuesto medio-alto; depende del tipo de acciones heroicas.",script_theory_extended,validated,"uniform;service;heroism",0.8,1
THEME_UNREQUITED_LOVE,Unrequited Love,Amor no correspondido,THEME,romantic_theme;character_theme,theme,"Un personaje ama a otro que no le corresponde.","Explorar deseo, dolor y madurez emocional; ideal para dramas y romances.",setup;midpoint;climax,Intimate_dialogue;montage,ROMANCE;DRAMA,DRAMEDY,3,3,naturalistic,none,"love;sadness","self_vs_community",major,personal,internal;relational,2,20th_century;contemporary,MODERN_AMERICAN_CITY;MODERN_EUROPEAN_CITY,high,low,"","PG-13",false,"Tema muy universal; requiere cuidar la dignidad tanto del que ama como del que no responde.","","Evitar convertir al no correspondido en obsesivo sin matices; dejar espacio a crecimiento personal.",Presupuesto bajo; centrado en interpretación.",script_theory_extended,validated,"unrequited;melancholy;growth",0.85,1
THEME_WAR_IS_HELL,War Is Hell,La guerra es un infierno,THEME,war_theme;moral_theme,theme,"La guerra se presenta como experiencia devastadora más que gloriosa.","Ofrece lectura crítica sobre conflicto armado y sus consecuencias.",setup;midpoint;climax,battle;survival_sequence;Intimate_dialogue,WAR;DRAMA,THRILLER,5,5,naturalistic,none,"fear;despair","hope_vs_despair;freedom_vs_oppression",major,community;national,warfare;social,4,20th_century,GREAT_WAR;WW2_EUROPE;WW2_PACIFIC,medium,medium,"war","R",true,"Tema asociado a películas bélicas serias (anti-bélicas); exige tratamiento ético cuidado.","","Mostrar no solo horrores físicos sino rupturas morales y sociales.",Presupuesto medio-alto; recreación bélica rica.",script_theory_extended,validated,"antiwar;horror_of_war;critique",0.85,1
THEME_WINNING_THE_BELOVED,Winning the Beloved,Conquistar al amado,THEME,romantic_theme,theme,"El objetivo principal es conquistar románticamente a alguien.","Sostiene comedias y romances clásicos de 'ganar el amor'.",first_plot_point;midpoint;climax,Intimate_dialogue;comic_relief,ROMANCE;COMEDY,DRAMEDY,2,1,naturalistic,light,"love;joy","self_vs_community",major,personal,relational,2,20th_century;contemporary,MODERN_AMERICAN_CITY;MODERN_EUROPEAN_CITY,high,low,"","PG-13",false,"Tema sencillo y comercial; conviene evitar elaboración de 'conquista' como manipulación.",,"Trabajar consentimiento, reciprocidad y evolución mutua de los personajes.",Presupuesto bajo; centrado en química y situaciones.",script_theory_extended,validated,"pursuit;romantic_goal;happy_ending",0.9,1
THEME_WRONGFULLY_ACCUSED,Wrongfully Accused,Acusado injustamente,THEME,plot_theme;moral_theme,theme,"Un personaje es acusado de algo que no ha hecho.","Motor para thrillers judiciales y dramas de sistema injusto.",inciting_incident;first_plot_point;midpoint;climax,investigation;trial_scene;confrontation,THRILLER;DRAMA,LEGAL_DRAMA,4,3,naturalistic,none,"fear;indignation","justice_vs_injustice",major,personal;community,internal;institutional,4,20th_century;contemporary,MODERN_AMERICAN_CITY;MODERN_EUROPEAN_CITY,high,low,"","PG-13;R",true,"Tema que genera empatía fuerte; exige diseño sólido de pruebas, trampas y resoluciones.",,"Evitar deus ex machina; la limpieza del nombre debe venir de acciones y descubrimientos concretos.",Presupuesto medio; juzgados, cárceles y localizaciones urbanas.",script_theory_extended,validated,"false_accusation;trial;system",0.9,1
THEME_CATCHY_ONE_LINERS,Catchy One-Liners,Frases memorables,THEME,tone_device;dialogue_style,theme,"La historia se apoya en frases cortas y memorables del protagonista o secundarios.","Reforzar branding de personajes y dar momentos quotables; útil en acción, comedia y blockbuster.",setup;midpoint;climax,Intimate_dialogue;comic_relief;confrontation,ACTION;COMEDY;THRILLER,DRAMEDY,2,2,heightened_stylized,light,"joy;pride","self_vs_community",minor,personal;community,relational,2,20th_century;contemporary,ANY_SETTING,high,low,"","PG-13",false,"Recurso de estilo más que de estructura; funciona mejor si las frases nacen orgánicamente de carácter y situación.","","Evitar sobrecargar el guion con líneas 'ingeniosas' que rompan verosimilitud o tono serio.",Impacto en tiempo de escritura y marketing más que en producción física.,script_theory_extended,validated,"one_liner;catchphrase;dialogue_style",0.7,1
THEME_HIGHBROW_HUMOR,Highbrow Humor,Humor intelectual,THEME,tone_device;humor_style,theme,"El humor se basa en referencias culturales, juegos de lenguaje y sutilezas.","Añadir sofisticación y capas de lectura; más típico de dramas con humor, comedias de autor y sátiras.",setup;midpoint,Intimate_dialogue;comic_relief,COMEDY;DRAMA,DRAMEDY,3,2,naturalistic,light,"joy;curiosity","self_vs_community",minor,personal;community,relational,2,20th_century;contemporary,MODERN_EUROPEAN_CITY;MODERN_AMERICAN_CITY,high,low,"","PG-13",false,"Aporta personalidad distintiva; exige público dispuesto a seguir referencias y subtexto.","","Cuidar que el humor no excluya en exceso; equilibrar chistes internos con momentos accesibles.",Sin impacto fuerte de producción; depende del trabajo de guion y casting.,script_theory_extended,validated,"highbrow;witty;dialogue_humor",0.65,1
THEME_LOWBROW_HUMOR,Lowbrow Humor,Humor popular / soez,THEME,tone_device;humor_style,theme,"El humor se apoya en chistes físicos, escatológicos o directos.","Buscar carcajada rápida y accesible; típico de comedias comerciales y slapstick.",setup;midpoint,comic_relief;slapstick,COMEDY;SLAPSTICK_COMEDY,DRAMEDY,2,1,heightened_stylized,central,"joy;embarrassment","self_vs_community",minor,personal;community,relational,2,20th_century;contemporary,ANY_SETTING,high,low,"","PG-13;R",false,"Recurso efectivo para público amplio; hay que cuidar no romper tono si el resto de la historia es serio.","","Modular intensidad; concentrar humor más crudo en personajes concretos para que no contagie todo.",Puede requerir coreografía de gags físicos y props específicos; presupuesto bajo-medio.,script_theory_extended,validated,"lowbrow;gross_out;physical_comedy",0.6,1
THEME_SLAPSTICK_MAYHEM,Slapstick Mayhem,Comedia física desatada,THEME,tone_device;humor_style,theme,"La historia incluye secuencias de comedia física extrema y caos.","Ofrecer alivio cómico basado en golpes, caídas y accidentes exagerados.",midpoint;comic_setpieces,slapstick;comic_relief,SLAPSTICK_COMEDY;COMEDY,FAMILY_COMEDY,2,1,heightened_stylized,central,"joy;embarrassment","self_vs_community",minor,personal;community,relational,2,20th_century;contemporary,ANY_SETTING,high,low,"","PG",false,"Recurso claro de comedia física; conviene que esté integrado en la lógica del mundo y el tono.",,"Planificar bien seguridad y timing para que los gags funcionen sin parecer improvisación peligrosa.",Coordinación de stunts ligeros y decorados resistentes; presupuesto bajo-medio.,script_theory_extended,validated,"slapstick;chaos;gag",0.65,1
THEME_ALCOHOL_FREEDOM,Alcohol Freedom,Alcohol como motivo festivo,THEME,tone_device;social_theme,theme,"El consumo de alcohol se asocia con liberación, fiesta y ruptura de inhibiciones.","Crear atmósferas festivas y explorar comportamientos bajo intoxicación.",setup;midpoint,comic_relief;party_scene,COMEDY;DRAMA,DRAMEDY,3,2,naturalistic;heightened_stylized,light,"joy;regret","self_vs_community",minor;major,personal;community,relational;social,2,20th_century;contemporary,MODERN_AMERICAN_CITY;MODERN_EUROPEAN_CITY,high,low,"","PG-13;R",true,"Tema recurrente en muchas historias urbanas; requiere cuidado para no glamurizar comportamientos destructivos.",,"Mostrar tanto el lado festivo como las consecuencias (vergüenza, conflicto, accidentes).",Rodajes en bares, fiestas y exteriores nocturnos; presupuesto medio.,script_theory_extended,validated,"alcohol;party;liberation",0.7,1
THEME_FESTIVE_ATM,Festive Atmosphere,Atmósfera festiva / navideña,THEME,tone_device;setting_mood,theme,"La historia se sitúa en contexto festivo (Navidad, fiestas locales).","Dar contraste entre celebración y conflicto; útil en comedias y dramas familiares.",setup;midpoint;epilogue,party_scene;family_scene;montage,COMEDY;DRAMA;ROMANCE,HOLIDAY_MOVIE,2,1,naturalistic;heightened_stylized,light,"joy;nostalgia","self_vs_community",minor;major,personal;family;community,relational;social,2,20th_century;contemporary,MODERN_AMERICAN_TOWN;MODERN_EUROPEAN_TOWN,high,low,"","PG;PG-13",false,"Tema muy comercial; sirve de envoltorio para múltiples historias (reencuentros, reconciliaciones, secretos).",,"Cuidar que la festividad no se convierta en simple decorado; integrar tradiciones y rituales en las decisiones dramáticas.",Necesita decoración específica, extras y posiblemente nieve/efectos; presupuesto medio.,script_theory_extended,validated,"christmas;holiday;festive",0.8,1
THEME_CHRISTMAS_CAT,Christmas Cat,Gato navideño especial,THEME,tone_device;quirky_motif,theme,"Un motivo navideño peculiar (como un gato navideño) recorre la historia.","Aporta toque distintivo y simpático; funciona como símbolo o running gag.",setup;midpoint;epilogue,comic_relief;visual_motif,COMEDY;FAMILY,DRAMEDY,2,1,heightened_stylized,light,"joy;nostalgia","self_vs_community",minor,personal;family,relational,1,20th_century;contemporary,HOLIDAY_SETTINGS,high,low,"","PG",false,"Recurso concreto y lúdico; útil para diferenciar una historia navideña dentro del mercado saturado.",,"Usar el motivo para marcar cambios de estado emocional (cuando aparece, cómo interactúa).",Afecta a props, animal handling si se usa gato real y puesta en escena; presupuesto bajo.,script_theory_extended,validated,"holiday_motif;pet;running_gag",0.6,1
THEME_MAGICAL_LESSON,Magical Lesson,Lección mágica / fábula moral,THEME,moral_theme;supernatural_theme,theme,"Sucesos mágicos enseñan una lección moral a personajes.","Permite tono de fábula y aprendizaje; apto para público familiar.",inciting_incident;midpoint;climax,supernatural_event;Intimate_dialogue,FAMILY;FANTASY,DRAMA,3,2,heightened_stylized,light,"wonder;hope","self_vs_community",major,personal;community,supernatural;internal,3,ancient;fantasy;contemporary,FANTASY_KINGDOM;HOLIDAY_SETTINGS,medium,medium,"","PG",false,"Tema ideal para cine familiar y cuentos modernos; conecta magia con crecimiento personal.",,"Asegurarse de que la 'moraleja' surge de decisiones y cambios, no solo de discurso explícito.",FX moderados y diseño de producción amable; presupuesto medio.,script_theory_extended,validated,"fable;magic;lesson",0.85,1
EVENTS_EXCESSIVE_VIOLENCE,Excessive Violence,Violencia excesiva,EVENT,content_flag;intense_event,content,"La historia incluye violencia gráfica o reiterada más allá de lo habitual.","Elevar intensidad y sensación de peligro; requiere tratamiento responsable y coherente con el tono.",throughline;midpoint;climax,action_setpiece;survival_sequence;confrontation,THRILLER;HORROR;WAR,ACTION,5,5,naturalistic;heightened_stylized,none,"fear;shock","justice_vs_injustice;hope_vs_despair",major,community;national;global,warfare;social,5,variable,ANY_SETTING,high,low,"extreme_violence","R;NC-17",true,"Debe usarse sólo cuando la temática lo exige; el exceso sin propósito puede alienar público y complicar rating.","","Definir claramente el nivel de violencia deseado y mantener consistencia; disponer de versiones alternativas en desarrollo si se busca distinto rating.",Impacta en maquillaje, FX y coreografías; aumenta costes y complejidad de aprobación normativa.,script_theory_extended,validated,"violence;graphic;intensity",0.4,1
EVENTS_NUDITY,Nudity,Desnudez,EVENT,content_flag;visual_device,content,"Se muestra desnudez parcial o total en pantalla.","Puede aportar naturalismo, erotismo o vulnerabilidad, pero requiere cuidado ético y legal.",specific_scenes,Intimate_dialogue;visual_moment,DRAMA;ROMANCE;ARTHOUSE,THRILLER,3,3,naturalistic;heightened_stylized,none,"vulnerability;desire","self_vs_community",minor;major,personal,relational,2,20th_century;contemporary,ANY_SETTING,high,low,"nudity","PG-13;R;NC-17",true,"Elemento muy sensible; se debe consensuar con intérpretes, justificar narrativamente y evitar gratuidad.","","Trabajar encuadres, duración y contexto para no convertirlo en explotación; considerar alternativas (sugerido, fuera de campo).",Impacta en acuerdos de casting, rodaje cerrado y clasificación; no aumenta mucho presupuesto técnico pero sí complejidad legal.",script_theory_extended,validated,"nudity;erotic;vulnerability",0.4,1
EVENTS_RAPE,Rape,Violación,EVENT,content_flag;intense_event,content,"La historia incluye una agresión sexual explícita o implícita.","Tema extremadamente delicado; sólo debería abordarse con propósito claro, respeto y apoyo profesional.",throughline;midpoint,Intimate_dialogue;survival_sequence;revelation,DRAMA;THRILLER,HORROR,5,5,naturalistic,none,"fear;trauma","justice_vs_injustice;hope_vs_despair",major,personal;community,relational;social,5,20th_century;contemporary,ANY_SETTING,high,low,"sexual_violence","R;NC-17",true,"Su inclusión implica responsabilidad ética alta; conviene consultar especialistas y evitar escenas explícitas si no son imprescindibles.","","Priorizar perspectiva de la víctima, consecuencias a largo plazo y evitar usarlo como simple shock o 'backstory rápido'.",Impacta fuertemente en rating, aceptación de cadenas/plataformas y sensibilidad del público; presupuesto técnico bajo pero alta complejidad humana y legal.",script_theory_extended,validated,"sexual_violence;trauma;justice",0.2,1
EVENTS_PROMISCUITY,Promiscuity,Promiscuidad,EVENT,content_flag;character_behavior,content,"La historia muestra comportamientos sexuales frecuentes con múltiples parejas.","Puede explorar libertad sexual, vacío emocional o crítica social; muy dependiente del enfoque.",throughline;midpoint,Intimate_dialogue;party_scene,DRAMA;ROMANCE;COMEDY,DRAMEDY,3,2,naturalistic;heightened_stylized,light,"desire;emptiness","self_vs_community",minor;major,personal;community,relational;social,2,20th_century;contemporary,MODERN_AMERICAN_CITY;MODERN_EUROPEAN_CITY,high,low,"sexual_content","PG-13;R",true,"Tema sensible según target; requiere claridad de tono (celebración, crítica, exploración) y consentimiento explícito.",,"Evitar moralinas simplistas; cuidar que la representación no caiga en estereotipos degradantes.",Impacta en rating y marketing; producción física similar a otras escenas íntimas.",script_theory_extended,validated,"promiscuity;sex_life;identity",0.5,1
EVENTS_ABUNDANT_PROFANITY,Abundant Profanity,Lenguaje soez abundante,EVENT,content_flag;dialogue_style,content,"Los diálogos contienen insultos y lenguaje soez de forma reiterada.","Refleja realismo, agresividad o pertenencia a ciertos entornos; afecta directamente a rating.",throughline,Intimate_dialogue;confrontation,DRAMA;THRILLER;COMEDY,CRIME_DRAMA,3,2,naturalistic,light,"anger;frustration","self_vs_community",minor;major,personal;community,relational;social,2,20th_century;contemporary,ANY_SETTING,high,low,"profanity","PG-13;R",true,"Debe alinearse con verosimilitud del entorno (barrio duro, cárcel, guerra) y no usarse sin necesidad.","","Puede modularse en versiones de guion según rating objetivo (clean vs full language).",Impacto principal en rating y aceptabilidad por cadenas/plataformas; no incrementa costes técnicos.",script_theory_extended,validated,"profanity;language;tone",0.6,1
THEME_WHITE_SUPREMACY,White Supremacy,Supremacismo blanco,THEME,ideological_theme;content_flag,content,"La narrativa trata explícitamente el supremacismo blanco (como crítica o, problemáticamente, como apoyo).","Tema extremadamente sensible; sólo aceptable si se aborda críticamente y contextualizado.",throughline;midpoint;climax,Intimate_dialogue;confrontation;trial_scene,DRAMA;HISTORICAL,THRILLER,5,5,naturalistic,none,"hatred;fear","freedom_vs_oppression;justice_vs_injustice",major,community;national,social;institutional,4,20th_century;contemporary,AMERICAN_CIVIL_WAR;SLAVE_STATES_IN_SLAVERY-ERA;MODERN_AMERICAN_CITY,low,high,"racism","R",true,"Tema de altísimo riesgo reputacional y ético; sólo debería usarse para denunciar, nunca para glorificar.","","Declarar desde desarrollo la postura crítica de la obra; trabajar con asesoría y sensibilidad cultural.",Impacta en marketing, recepción y posibles boicots; producción puede ser estándar pero con fuerte supervisión de contenido.",script_theory_extended,validated,"racism;white_supremacy;critique",0.2,1
THEME_FIGHT_HYPOCRITICAL_AMERICAN,Fight Hypocritical Americanism,Crítica al americanismo hipócrita,THEME,political_theme;ideological_theme,theme,"La historia cuestiona la hipocresía del discurso americanista respecto a valores practicados.","Permite crítica política y social; más típico de cine autoral o satírico.",throughline;midpoint;climax,Intimate_dialogue;confrontation;montage,DRAMA;THRILLER;SATIRE,ART_HOUSE,4,3,naturalistic,none,"anger;indignation","freedom_vs_oppression;self_vs_community",major,national;global,social;institutional,3,20th_century;contemporary,MODERN_AMERICAN_CITY;WAR_SETTINGS,medium,medium,"","PG-13;R",true,"Tema sensible según mercado; puede recibir resistencia política en ciertos territorios.","","Clarificar punto de vista y evitar caricaturizar ciudadanos; centrar crítica en estructuras y discursos.",Impacta en distribución y recepción; producción puede ser estándar.",script_theory_extended,validated,"americanism;hypocrisy;political_critique",0.4,1
THEME_WAR_WITH_SORCERERS,War with Sorcerers,Guerra con hechiceros,THEME,war_theme;fantasy_theme,theme,"Conflictos bélicos se libran contra o entre usuarios de magia.","Combina épica bélica con fantasía; ideal para mundos de alto concepto.",first_plot_point;midpoint;climax,battle;supernatural_event,FANTASY;WAR,ADVENTURE,4,4,heightened_stylized,none,"fear;excitement","freedom_vs_oppression;justice_vs_injustice",major,community;national;global,warfare;supernatural,4,fantasy;middle_ages,FANTASY_KINGDOM;ARTHURIAN_LEGENDS,medium,high,"war","PG-13;R",true,"Tema atractivo para público de fantasía; debe equilibrar espectáculo mágico con drama humano.","","Definir reglas de magia en contexto bélico para coherencia (alcance, límites, costes).",Requiere FX, coreografías y diseño de producción rico; presupuesto alto.",script_theory_extended,validated,"magic_war;fantasy_battle;epic",0.8,1
ANTAGONIST_DEFEATED_EVIL_PERSISTS,Antagonist Defeated but Evil Persists,Derrota del antagonista pero el mal persiste,FINALE,open_ending;bittersweet,ending,"El antagonista principal es vencido, pero la fuerza o sistema maligno subyacente permanece.","Crear sensación de victoria parcial y continuidad del conflicto más allá de la película.",climax;epilogue,confrontation;Intimate_dialogue;visual_motif,DRAMA;THRILLER;FANTASY,CRIME_DRAMA,4,4,naturalistic;heightened_stylized,none,"relief;unease","justice_vs_injustice;hope_vs_despair",major,community;national;global,warfare;social;supernatural,4,variable,ANY_SETTING,high,low,"violence","PG-13;R",false,"Final muy útil para sagas o historias con lectura política/fantástica amplia.","","Definir con precisión qué se ha ganado y qué queda pendiente para evitar sensación de 'trampa' al público.",Impacto moderado en producción (requiere epílogo visual claro); ideal para franquicia o secuelas.,script_theory_extended,validated,"bittersweet;ongoing_evil;partial_victory",0.85,1
BITTERSWEET_ENDING,Bittersweet Ending,Final agridulce,FINALE,bittersweet,ending,"El protagonista logra algo importante, pero pierde otra cosa de gran valor.","Ofrecer cierre emocional complejo, evitando tanto el triunfo total como la tragedia absoluta.",climax;epilogue,Intimate_dialogue;family_scene,DRAMA;ROMANCE,DRAMEDY,3,3,naturalistic,none,"sadness;hope","self_vs_community",major,personal;family,internal;relational,3,20th_century;contemporary,ANY_SETTING,high,low,"","PG-13;R",false,"Final muy apreciado en cine autoral y dramas de prestigio; se siente 'verdadero' si está bien preparado.",,"Cuidar que la pérdida y la ganancia tengan pesos dramáticos comparables; evitar que parezca final neutro.",Producción sencilla; se decide sobre escenas finales y tono de música/imágenes.,script_theory_extended,validated,"bittersweet;gain_and_loss;adult_tone",0.9,1
DOWNER_ENDING,Downer Ending,Final pesimista / triste,FINALE,tragedy,ending,"El protagonista fracasa en su objetivo o muere, y el balance final es negativo.","Generar impacto fuerte y posible reflexión; típico de tragedias, cine negro o war films duros.",climax;epilogue,Intimate_dialogue;visual_motif;survival_sequence,DRAMA;WAR;THRILLER,ART_HOUSE,5,4,naturalistic,none,"despair;shock","hope_vs_despair",major,personal;community;national,warfare;social;internal,4,variable,ANY_SETTING,medium,low,"","R",true,"Final arriesgado comercialmente pero muy potente artísticamente; requiere sembrar la posibilidad desde el inicio.",,"Evitar que parezca castigo arbitrario; que la trayectoria del personaje haga el final inevitable o coherente.",Producción estándar; el peso está en interpretación y construcción del arco más que en recursos físicos.,script_theory_extended,validated,"tragedy;loss;bleak",0.75,1
HAPPY_ENDING,Happy Ending,Final feliz,FINALE,closed_positive,ending,"El protagonista alcanza su objetivo principal y se sugiere futuro positivo.","Dar sensación de satisfacción y cierre; muy usado en romance, comedia y aventura familiar.",climax;epilogue,Intimate_dialogue;family_scene;celebration,ROMANCE;COMEDY;ADVENTURE,FAMILY,2,1,naturalistic;heightened_stylized,light,"joy;relief","self_vs_community",major,personal;family,internal;relational,2,20th_century;contemporary;fantasy,ANY_SETTING,high,low,"","PG;PG-13",false,"Final más comercial y ampliamente aceptado; útil para películas de amplio público.",,"Asegurar que la felicidad no parezca 'pegada' al final: que se derive de decisiones y reconciliaciones reales.",Producción sencilla; a menudo implica boda, reunión o celebración.,script_theory_extended,validated,"happy;closure;optimistic",1.0,1
HOLLOW_VICTORY,Hollow Victory,Victoria hueca,FINALE,ironic;bittersweet,ending,"El protagonista logra su objetivo, pero el coste hace que la victoria se sienta vacía.","Invitar a lectura crítica sobre el objetivo perseguido y sus consecuencias.",climax;epilogue,Intimate_dialogue;visual_motif,DRAMA;THRILLER;WAR,CRIME_DRAMA,4,4,naturalistic,none,"sadness;regret","self_vs_community;honesty_vs_corruption",major,personal;community,national;global,internal;social;warfare,4,variable,ANY_SETTING,medium,low,"","R",false,"Final muy poderoso en historias sobre ambición, poder o guerra; deja sensación de '¿valía la pena?'.",,"Sembrar desde el inicio dudas sobre el objetivo; que el propio protagonista reconozca el hueco al final.",Producción estándar; clave en música, encuadres finales y actuación.,script_theory_extended,validated,"ironic_victory;costly_success;reflection",0.85,1
OPEN_ENDING,Open Ending,Final abierto,FINALE,ambiguous,ending,"El conflicto principal se resuelve parcialmente o queda interpretativamente abierto.","Dejar preguntas en manos del espectador; muy usado en cine autoral y thrillers con ambigüedad.",climax;epilogue,Intimate_dialogue;visual_motif,DRAMA;THRILLER,ART_HOUSE,3,3,naturalistic;heightened_stylized,none,"curiosity;unease","self_vs_community",major,personal;community,internal;social,3,variable,ANY_SETTING,high,low,"","PG-13;R",false,"Final exigente; puede frustrar parte del público si no se percibe como coherente con el tono general.",,"Definir internamente (para guionista) qué ha ocurrido exactamente, aunque la puesta en escena deje dudas.",Sin grandes implicaciones de producción; todo está en escritura y montaje.",script_theory_extended,validated,"ambiguous;open;arthouse",0.8,1
REDEMPTIVE_ENDING,Redemptive Ending,Final de redención,FINALE,closed_positive;spiritual,ending,"Un personaje encuentra redención moral o personal, aunque no logre todos sus objetivos externos.","Cerrar arco de culpa y perdón; muy efectivo en dramas y war films humanistas.",climax;epilogue,Intimate_dialogue;family_scene;visual_motif,DRAMA;WAR,RELIGIOUS_DRAMA,4,3,naturalistic,none,"hope;relief","hope_vs_despair;justice_vs_injustice",major,personal;community,internal;social,3,20th_century;contemporary;war_settings,ANY_SETTING,high,low,"","PG-13;R",false,"Final que privilegia transformación interna por encima de éxito externo; conecta bien con público adulto.",,"Mostrar gesto o decisión que simbolice la redención sin caer en discurso subrayado en exceso.",Producción estándar; se apoya en actuación y tono visual del epílogo.",script_theory_extended,validated,"redemption;forgiveness;spiritual",0.9,1
TRAGIC_HEROIC_DEATH,Tragic Heroic Death,Muerte heroica trágica,FINALE,tragedy;heroic,ending,"El protagonista muere al realizar un acto heroico decisivo.","Combina sacrificio y pérdida; frecuente en épica bélica y fantasía.",climax,action_setpiece;Intimate_dialogue,WAR;FANTASY;SUPERHERO,DRAMA,5,4,heightened_stylized,none,"grief;admiration","self_vs_community",major,personal;community;national,warfare;internal,5,variable,ANY_SETTING,medium,low,"","PG-13;R",true,"Final muy emotivo; debe construirse desde el inicio para que el sacrificio se sienta inevitable y sentido.",,"Asegurar que el acto heroico tiene peso real sobre la resolución; no solo muerte decorativa.",Impacto en coreografía del clímax y epílogo (funeral, memoria); producción medio-alta.",script_theory_extended,validated,"heroic_death;sacrifice;tragedy",0.9,1
TWIST_ENDING,Twist Ending,Final con giro sorpresa,FINALE,twist;revelation,ending,"En el último tramo se revela información que reconfigura la lectura de la historia.","Generar impacto y conversación; típico de thrillers, terror y algunos dramas psicológicos.",climax;epilogue,revelation;flashback,THRILLER;HORROR,MYSTERY,4,3,naturalistic;heightened_stylized,none,"shock;curiosity","honesty_vs_corruption",major,personal;community,internal;social,3,variable,ANY_SETTING,high,low,"","PG-13;R",false,"El giro debe estar preparado con pistas sutiles; de lo contrario se percibe como truco barato.",,"Testear lógica interna del twist y su impacto emocional antes de cerrar el guion.",Puede implicar rodar planos adicionales o dobles lecturas; presupuesto moderado.",script_theory_extended,validated,"twist;reveal;reframing",0.85,1
ALL_DIE_ENDING,All Die Ending,Todos mueren,FINALE,total_tragedy,ending,"La mayoría o todos los personajes principales mueren.","Producir impacto extremo y lectura nihilista o profundamente trágica.",climax;epilogue,action_setpiece;Intimate_dialogue;visual_motif,DRAMA;WAR;HORROR,ART_HOUSE,5,5,naturalistic,none,"despair;shock","hope_vs_despair",major,community;national,warfare;social,5,variable,ANY_SETTING,medium,low,"","R;NC-17",true,"Final muy radical; conviene reservarlo para historias cuyo tono y tema lo hagan coherente (catástrofes, apocalipsis, tragedia pura).","", "Sembrar sensación de inevitabilidad desde el inicio para que no parezca giro gratuito contra el público.",Producción estándar; el peso está en montaje y música final para que no suene a explotación.,script_theory_extended,validated,"everyone_dies;nihilistic;apocalypse",0.6,1
CYCLE_OF_LIFE_ENDING,Cycle of Life Ending,Final de ciclo de vida,FINALE,coming_of_age;closure,ending,"Se cierra un ciclo vital (infancia, juventud, etapa laboral) y se sugiere inicio de otro.","Aportar sensación de madurez y continuidad de la vida más allá de la historia concreta.",climax;epilogue,Intimate_dialogue;family_scene;visual_motif,DRAMA;COMING_OF_AGE,DRAMEDY,3,2,naturalistic,none,"nostalgia;hope","self_vs_community",major,personal;family,internal;relational,3,20th_century;contemporary,MODERN_EUROPEAN_TOWN;MODERN_AMERICAN_TOWN,high,low,"","PG-13",false,"Final muy adecuado para coming-of-age y relatos de etapas vitales (instituto, universidad, trabajo).","", "Usar símbolos (graduación, mudanza, nacimiento, jubilación) para anclar el cierre de ciclo.",Producción sencilla; centrada en epílogos y elipsis temporales.",script_theory_extended,validated,"cycle;coming_of_age;life_goes_on",0.9,1
STATUS_QUO_RESTORED,Status Quo Restored,Retorno al statu quo,FINALE,restoration,ending,"Tras el conflicto, el mundo vuelve a un estado muy parecido al inicial.","Generar sensación de 'episodio' o fábula donde el orden se restablece, con pequeñas variaciones internas.",climax;epilogue,Intimate_dialogue;comic_relief;family_scene,COMEDY;ADVENTURE;FANTASY,FAMILY,2,1,naturalistic;heightened_stylized,light,"relief;nostalgia","self_vs_community",major,personal;community,internal;social,2,20th_century;fantasy,ANY_SETTING,high,low,"","PG;PG-13",false,"Final muy útil en historias episódicas, franquicias o cuentos; permite nuevas aventuras sin gran reconfiguración.",,"Marcar sutilmente qué sí ha cambiado (relaciones, aprendizajes) para evitar sensación de 'reset completo'.",Producción sencilla; puede usar mismo decorado del inicio como espejo.",script_theory_extended,validated,"episodic;restoration;classic_tale",0.8,1
EPILOGUE_TIME_SKIP,Epilogue with Time Skip,Epilogo con salto temporal,FINALE,time_skip,ending,"Tras el clímax se muestra un salto en el tiempo para ver consecuencias a medio o largo plazo.","Ofrecer perspectiva sobre el impacto del conflicto y el destino de los personajes.",epilogue,montage;Intimate_dialogue,DRAMA;ROMANCE;WAR,DRAMEDY,3,2,naturalistic,none,"nostalgia;closure","self_vs_community",major,personal;community,internal;social,3,variable,ANY_SETTING,high,low,"","PG-13;R",false,"Recurso muy eficaz para mostrar madurez, heridas o legado sin alargar el cuerpo de la película.","","Cuidar continuidad de casting (maquillaje de edad) y coherencia de cambios sociales vistos.",Impacto ligero en producción (maquillaje, decorados ligeramente cambiados); fuerte efecto emocional.",script_theory_extended,validated,"time_skip;epilogue;legacy",0.9,1
MORAL_PARABLE_ENDING,Moral Parable Ending,Final de parábola moral,FINALE,didactic,ending,"El cierre subraya claramente una lección moral o ética.","Buscar función de fábula o cuento con enseñanza explícita; común en cine familiar y alegorías.",climax;epilogue,Intimate_dialogue;visual_motif,FAMILY;FANTASY;RELIGIOUS_DRAMA,DRAMA,3,2,heightened_stylized,light,"hope;reflection","self_vs_community",major,personal;community,internal;social,3,ancient;fantasy;contemporary,FANTASY_KINGDOM;HOLIDAY_SETTINGS;ANY_SETTING,medium,low,"","PG",false,"Final útil para público familiar; conviene que la lección se perciba como ganada por la experiencia, no sólo recitada.","","Usar acciones concretas del epílogo que encarnen el mensaje, evitando monólogos demasiado subrayados.",Producción sencilla; depende sobre todo de guion y puesta en escena simbólica.",script_theory_extended,validated,"parable;lesson;didactic",0.8,1
CLIFFHANGER_ENDING,Cliffhanger Ending,Final en suspense,FINALE,cliffhanger,ending,"Se cierra parte del conflicto pero se introduce o se deja sin resolver un peligro o incógnita clave.","Invitar directamente a continuación (secuela, temporada siguiente); típico de series y algunas sagas de cine.",climax;epilogue,confrontation;visual_motif,THRILLER;FANTASY;SCIENCE_FICTION,FRANCHISE_FILM,3,3,heightened_stylized,none,"unease;excitement","self_vs_community",major,community;national;global,warfare;supernatural;social,3,near_future;fantasy;20th_century,ANY_SETTING,medium,low,"","PG-13;R",false,"Útil cuando hay plan claro de continuación; puede frustrar al público si se usa sin garantía de secuela.",,"Definir qué se cierra y qué se deja abierto; evitar que todo parezca puro teaser sin payoff.",Producción estándar; a menudo requiere plano final muy icónico o revelador.",script_theory_extended,validated,"cliffhanger;tease;serial",0.75,1
IRONIC_HAPPY_ENDING,Ironic Happy Ending,Final feliz irónico,FINALE,ironic;closed_positive,ending,"Externamente todo parece terminar bien, pero se sugieren capas irónicas o problemáticas debajo.","Combinar placer superficial con lectura crítica para espectadores atentos.",climax;epilogue,comic_relief;visual_motif,COMEDY;SATIRE;DRAMA,DRAMEDY,3,3,naturalistic;heightened_stylized,light,"joy;unease","self_vs_community;honesty_vs_corruption",major,personal;community,internal;social,3,20th_century;contemporary,ANY_SETTING,high,low,"","PG-13;R",false,"Final muy útil en sátiras: el personaje obtiene lo que quería, pero el mundo sigue igual o peor.","","Sembrar signos visuales o diálogos que revelen la ironía sin que todo quede en subtexto incomprensible.",Impacto ligero en producción; clave en tono de montaje y diseño de último plano.",script_theory_extended,validated,"ironic;surface_happy;critical_subtext",0.8,1
SPIRITUAL_ASCENSION_ENDING,Spiritual Ascension Ending,Final de ascensión espiritual,FINALE,spiritual;transcendent,ending,"El personaje experimenta una forma de trascendencia espiritual o simbólica más allá de su situación material.","Cerrar historia con dimensión metafísica o poética; frecuente en cine espiritual o autoral.",climax;epilogue,visual_motif;Intimate_dialogue,RELIGIOUS_DRAMA;ART_HOUSE;FANTASY,DRAMA,4,3,heightened_stylized,none,"peace;wonder","hope_vs_despair",major,personal,internal,3,ancient;fantasy;contemporary,FANTASY_KINGDOM;DESERT_SETTINGS;ANY_SETTING,medium,low,"","PG-13",false,"Final delicado; puede tener lecturas religiosas o filosóficas según el contexto.","","Cuidar que la 'ascensión' se entienda como culminación de un proceso interno, no como simple imagen bonita.",Puede requerir FX suaves o símbolos visuales específicos; presupuesto medio.",script_theory_extended,validated,"spiritual;transcendence;poetic",0.75,1
ANCIENT_GREECE,Ancient Greece,Grecia antigua,SETTING,historical_period;mediterranean,setting,"Mundo inspirado en la Grecia clásica de mitos, polis y héroes.","Proporcionar contexto para tragedias, epopeyas y relatos mitológicos.",setup;midpoint;climax,exploration;battle;Intimate_dialogue,FANTASY;HISTORICAL;DRAMA,MYTHOLOGICAL_EPIC,3,3,heightened_stylized,none,"pride;fear","self_vs_community;freedom_vs_oppression",major,community;national,warfare;social;supernatural,4,ancient,ANCIENT_GREECE,true,medium,"","PG-13;R",false,"Ideal para relatos míticos, tragedias heroicas y reinterpretaciones modernas de mitos.","","Definir nivel de realismo (histórico vs altamente estilizado) y papel de dioses/oráculos.",Requiere vestuario de época, arquitectura clásica y posible FX mitológico; presupuesto medio-alto.,script_theory_extended,validated,"greece;myth;polis",0.8,1
ANCIENT_ROME,Ancient Rome,Roma antigua,SETTING,historical_period;imperial,setting,"Imperio romano en cualquiera de sus épocas clave.","Contexto para historias de decadencia, poder, ejército y población urbana antigua.",setup;midpoint;climax,exploration;court_scene;battle,HISTORICAL;DRAMA,WAR,4,3,naturalistic;heightened_stylized,none,"pride;fear","self_vs_community;honesty_vs_corruption",major,community;national,warfare;social;institutional,4,ancient,ANCIENT_ROME,true,medium,"","PG-13;R",false,"Muy útil para relatos de poder, senado, gladiadores y expansión imperial.","","Cuidar representación de clases sociales (patricios, plebeyos, esclavos) y escenarios (foro, villas, campos).",Decorados de época, extras y vestuario elaborado; presupuesto medio-alto.,script_theory_extended,validated,"rome;empire;senate",0.85,1
ANCIENT_EGYPT,Ancient Egypt,Egipto antiguo,SETTING,historical_period;mythic,setting,"Egipto antiguo con faraones, pirámides y culto funerario.","Entorno potente para thrillers arqueológicos, aventuras y relatos míticos.",setup;midpoint;climax,exploration;supernatural_event;revelation,ADVENTURE;FANTASY;THRILLER,HISTORICAL,3,3,heightened_stylized,none,"curiosity;fear","self_vs_community",major,community;national,exploration;supernatural,3,ancient,ANCIENT_EGYPT,true,medium,"","PG-13",false,"Muy eficaz como marco visual para búsqueda de tesoros y maldiciones.","","Definir si el tono es más histórico (faraones vivos) o arqueológico moderno (ruinas y excavaciones).",Requiere exteriores desérticos, decorados de templo y FX moderados; presupuesto medio-alto.,script_theory_extended,validated,"egypt;pyramids;curse",0.8,1
ANCIENT_CHINA,Ancient China,China antigua,SETTING,historical_period;asian,setting,"China en épocas imperiales o dinásticas.","Ofrece contexto para épica de artes marciales, intrigas cortesanas y sagas familiares.",setup;midpoint;climax,battle;court_scene;Intimate_dialogue,HISTORICAL;FANTASY;ACTION,DRAMA,3,3,heightened_stylized,none,"pride;honor","self_vs_community",major,community;national,warfare;social;institutional,4,ancient,ANCIENT_CHINA,true,medium,"","PG-13;R",false,"Ideal para relatos wuxia, cortes imperiales y sagas clásicas.","","Cuidar respeto cultural en tratamiento de tradiciones y jerarquías.",Requiere decorados específicos y vestuario tradicional; presupuesto medio-alto.,script_theory_extended,validated,"china;imperial;wuxia",0.75,1
MIDDLE_AGES,Middle Ages,Edad Media,SETTING,historical_period;european,setting,"Europa medieval con castillos, feudalismo y guerras de caballeros.","Marco clásico para fantasía baja, sagas de caballería y dramas religiosos.",setup;midpoint;climax,exploration;battle;court_scene,FANTASY;HISTORICAL;DRAMA,WAR,4,3,naturalistic;heightened_stylized,none,"fear;hope","self_vs_community;freedom_vs_oppression",major,community;national,warfare;social;religious,4,middle_ages,MIDDLE_AGES,true,medium,"","PG-13;R",false,"Muy usado en fantasía y relatos históricos; conviene definir si el mundo incluye magia o no.",,"Cuidar textura de vida cotidiana (campesinos, mercados) además de castillos y batallas.",Requiere exteriores naturales, castillos, armaduras; presupuesto medio-alto.,script_theory_extended,validated,"medieval;castles;knights",0.9,1
CARIBBEAN_ROUTES,Caribbean Routes,Rutas del Caribe,SETTING,historical_period;maritime,setting,"Entorno caribeño de rutas de comercio y piratería.","Perfecto para aventuras de mar, tesoros, corsarios y colonización.",setup;midpoint;climax,exploration;naval_battle;party_scene,ADVENTURE;HISTORICAL;FANTASY,PIRATE_STORY,3,3,heightened_stylized,light,"excitement;greed","self_vs_community",major,community;national,warfare;social,3,17th_century;18th_century,CARIBBEAN_ROUTES,true,medium,"","PG-13;R",false,"Ambiente ideal para historias de piratas, flotas y colonias.","","Definir equilibrio entre romanticismo aventurero y dureza histórica (esclavitud, explotación).",Barcos, mar, decorados costeros; presupuesto medio-alto.,script_theory_extended,validated,"pirates;sea;caribbean",0.8,1
AMERICAN_CIVIL_WAR,American Civil War,Guerra Civil estadounidense,SETTING,historical_period;war,setting,"Estados Unidos durante la Guerra Civil.","Contexto para relatos sobre esclavitud, secesión y batallas emblemáticas.",setup;midpoint;climax,battle;court_scene;family_scene,WAR;DRAMA,HISTORICAL,4,4,naturalistic,none,"fear;indignation","freedom_vs_oppression;justice_vs_injustice",major,national;community,warfare;social,4,19th_century,AMERICAN_CIVIL_WAR,true,medium,"racism;war","PG-13;R",true,"Tema sensible por implicaciones históricas y raciales; requiere investigación y respeto.",,"Cuidar representación de esclavitud, ideologías y sufrimiento civil.",Exige decorados de época, extras, armas históricas; presupuesto medio-alto.,script_theory_extended,validated,"civil_war;slavery;union_vs_confederacy",0.75,1
SLAVE_STATES_IN_SLAVERY-ERA,Slave States in Slavery Era,Estados esclavistas en época de esclavitud,SETTING,historical_period;racism_context,setting,"Estados y territorios donde la esclavitud está institucionalizada.","Marco para relatos muy delicados sobre opresión, resistencia y violencia racial.",setup;midpoint;climax,Intimate_dialogue;survival_sequence;confrontation,DRAMA;HISTORICAL,WAR,5,5,naturalistic,none,"fear;despair","freedom_vs_oppression;justice_vs_injustice",major,community;national,social;institutional,4,18th_century;19th_century,SLAVE_STATES_IN_SLAVERY-ERA,true,medium,"racism;slavery","R",true,"Contexto extremadamente sensible; sólo recomendable para obras serias y críticas que consulten expertos.",,"Evitar cualquier romantización del sistema; centrar enfoque en personas esclavizadas y su agencia.",Requiere decorados de plantaciones, ciudades históricas; supervisión ética alta.,script_theory_extended,validated,"slavery;plantation;oppression",0.3,1
GREAT_WAR,Great War,Primera Guerra Mundial,SETTING,historical_period;war,setting,"Europa y frentes asociados durante la Primera Guerra Mundial.","Entorno para historias de trincheras, guerra industrial y trauma colectivo.",setup;midpoint;climax,battle;survival_sequence;Intimate_dialogue,WAR;DRAMA,THRILLER,4,4,naturalistic,none,"fear;despair","hope_vs_despair;self_vs_community",major,national;community,warfare;social,4,early_20th,GREAT_WAR,true,medium,"war","R",true,"Idóneo para relatos anti-bélicos, camaradería y desgaste psicológico.","","Cuidar realismo de condiciones en trincheras y tecnología bélica inicial.",Exige decorados de trincheras, uniformes y FX; presupuesto medio-alto.,script_theory_extended,validated,"ww1;trenches;shell_shock",0.8,1
WW2_EUROPE,World War II Europe,Segunda Guerra Mundial en Europa,SETTING,historical_period;war,setting,"Teatro europeo de la Segunda Guerra Mundial.","Contexto para resistencia, invasiones, campos y batallas emblemáticas.",setup;midpoint;climax,battle;survival_sequence;confrontation,WAR;DRAMA,THRILLER,4,4,naturalistic,none,"fear;hope","freedom_vs_oppression;justice_vs_injustice",major,national;community,warfare;social;institutional,4,20th_century,WW2_EUROPE,true,medium,"war","R",true,"Muy frecuente en cine; ideal para historias de soldados, civiles, partisanos y persecuciones.","","Evitar repetición de clichés; buscar ángulos humanos nuevos o puntos de vista poco vistos.",Requiere vehículos, uniformes y localizaciones variadas; presupuesto medio-alto.,script_theory_extended,validated,"ww2_europe;resistance;occupation",0.9,1
WW2_PACIFIC,World War II Pacific,Segunda Guerra Mundial en el Pacífico,SETTING,historical_period;war,setting,"Teatro de guerra del Pacífico durante la Segunda Guerra Mundial.","Marco para batallas navales, islas y guerra aérea/marina.",setup;midpoint;climax,battle;survival_sequence;naval_battle,WAR;DRAMA,THRILLER,4,4,naturalistic,none,"fear;despair","freedom_vs_oppression;self_vs_community",major,national;community,warfare;social,4,20th_century,WW2_PACIFIC,true,medium,"war","R",true,"Adecuado para relatos de marines, aviadores y poblaciones isleñas.","","Cuidar representación de culturas del Pacífico y perspectiva japonesa/aliada con respeto.",Exige rodajes en islas, barcos y FX; presupuesto medio-alto.,script_theory_extended,validated,"ww2_pacific;island_war;naval",0.75,1
WW2_AFRICA,World War II Africa,Segunda Guerra Mundial en África,SETTING,historical_period;war_desert,setting,"Campañas del Norte de África durante la Segunda Guerra Mundial.","Entorno para guerra de tanques, desierto y logística extrema.",setup;midpoint;climax,battle;survival_sequence,WAR;DRAMA,THRILLER,4,4,naturalistic,none,"fear;fatigue","self_vs_community",major,national;community,warfare;social,4,20th_century,WW2_AFRICA,true,medium,"war","R",true,"Contexto menos explotado que Europa; buena opción para diferenciar relatos bélicos.","","Mostrar dureza logística (agua, calor) y diversidad de tropas implicadas.",Rodajes en desierto, vehículos y FX; presupuesto medio-alto.,script_theory_extended,validated,"ww2_africa;desert_campaign;tanks",0.75,1
WILD_WEST,Wild West,Lejano Oeste,SETTING,historical_period;frontier,setting,"Frontera norteamericana del XIX: pueblos, praderas y conflicto de frontera.","Marco clásico para westerns y relatos de ley, anarquía y colonización.",setup;midpoint;climax,exploration;shootout;bar_scene,WESTERN;DRAMA,ADVENTURE,3,3,naturalistic;heightened_stylized,light,"pride;loneliness","self_vs_community;law_vs_crime",major,community;national,warfare;social,3,19th_century,WILD_WEST,true,medium,"","PG-13;R",false,"Ideal para historias de cowboys, forajidos, sheriffs y colonos.","","Decidir tono (clásico romántico vs revisionista crítico con violencia y racismo).",Rodajes en exteriores, caballos, pueblos de madera; presupuesto medio-alto.,script_theory_extended,validated,"wild_west;cowboys;frontier",0.85,1
DRAMA,Drama,Drama,GENRE,core_genre,narrative_frame,"Relatos centrados en conflictos emocionales y éticos de personajes.","Apoyar arcos profundos, dilemas morales y relaciones complejas.",setup;midpoint;climax,Intimate_dialogue;family_scene;confrontation,DRAMA,,4,3,naturalistic,low,"sadness;hope","self_vs_community;justice_vs_injustice",major,personal;community,internal;relational,3,20th_century;contemporary;historical,ANY_SETTING,true,medium,"","PG-13;R",false,"Género base para cine de prestigio y relatos de personajes; compatible con casi cualquier entorno.",,"Servir como 'columna vertebral' de tono cuando se mezcla con otros géneros (thriller, romance, war).",Impacto de producción moderado; depende sobre todo de casting y localizaciones realistas.,script_theory_extended,validated,"drama;base;character",1.0,1
ROMANCE,Romance,Romance,GENRE,core_genre,narrative_frame,"Historias centradas en la relación amorosa como eje principal.","Explorar deseo, compromiso, ruptura y reconciliación.",setup;midpoint;climax,Intimate_dialogue;comic_relief,ROMANCE,DRAMA,3,2,naturalistic,medium,"love;sadness","self_vs_community",major,personal,relational,2,20th_century;contemporary;holiday_settings,MODERN_AMERICAN_CITY;MODERN_EUROPEAN_CITY;HOLIDAY_SETTINGS,true,medium,"","PG-13",false,"Género muy comercial; ideal para subtramas en casi cualquier otro género.",,"Cuidar química de protagonistas y equilibrio entre conflicto interno y externo.",Producción típicamente moderada; se apoya en localizaciones atractivas y música.,script_theory_extended,validated,"romance;love_story;relationship",0.95,1
COMEDY,Comedy,Comedia,GENRE,core_genre,narrative_frame,"Historias cuyo objetivo principal es provocar risa.","Releer conflictos desde el humor, alivio y exageración.",setup;midpoint;climax,comic_relief;slapstick;party_scene,COMEDY,DRAMEDY,2,2,naturalistic;heightened_stylized,high,"joy;embarrassment","self_vs_community",major,personal;community,relational;social,2,20th_century;contemporary,ANY_SETTING,true,medium,"","PG;PG-13;R",false,"Muy sensible al tono cultural; conviene etiquetar subestilos (slapstick, highbrow, deadpan).",,"Diseñar set pieces cómicos claros y ritmo de gags; cuidar que la historia no se deshaga en sketches.",Producción variable; gags físicos requieren algo de coreografía y props específicos.,script_theory_extended,validated,"comedy;humor;laughter",0.9,1
ACTION,Action,Acción,GENRE,core_genre,narrative_frame,"Relatos centrados en set pieces físicos, persecuciones, combates.","Proporcionar adrenalina y espectáculo; el conflicto se expresa en movimiento.",first_plot_point;midpoint;climax,action_setpiece;thrilling_chase;shootout,ACTION,THRILLER,3,3,heightened_stylized,low,"excitement;fear","self_vs_community",major,community;national,warfare;social,4,20th_century;contemporary;near_future,MODERN_AMERICAN_CITY;DYSTOPIAN_FUTURISTIC_CITY;WILD_WEST,true,medium,"violence","PG-13;R",false,"Muy popular; necesita que las escenas de acción estén ligadas al arco del protagonista, no sólo decorativas.",,"Diseñar progresión de escala de acción (de incidente menor a clímax grande).",Producción alta; requiere stunts, FX y planificación técnica detallada.,script_theory_extended,validated,"action;set_piece;adrenaline",0.95,1
THRILLER,Thriller,Thriller,GENRE,core_genre,narrative_frame,"Historias de tensión sostenida, peligro y suspenso.","Mantener al público en estado de alerta; revelar información gradualmente.",inciting_incident;first_plot_point;midpoint;second_plot_point;climax,thrilling_chase;investigation;confrontation,THRILLER,CRIME_DRAMA,4,4,naturalistic;heightened_stylized,low,"fear;excitement","justice_vs_injustice;self_vs_community",major,community;national,warfare;social;institutional,4,20th_century;contemporary;near_future,MODERN_AMERICAN_CITY;DYSTOPIAN_FUTURISTIC_CITY,true,medium,"violence","PG-13;R",false,"Género bisagra entre acción y drama; ideal para combinar con elementos de misterio o política.",,"Cuidar ritmo de revelaciones y construcción de peligro real, no sólo sustos puntuales.",Producción medio-alta; localizaciones diversas, efectos de tensión (sonido, luz).,script_theory_extended,validated,"thriller;suspense;danger",0.95,1
HISTORICAL,Historical,HISTÓRICO,GENRE,core_genre;narrative_frame,narrative_frame,"Relatos ambientados en un periodo histórico definido.","Permitir lecturas sobre pasado, identidad y política a través de reconstrucción de época.",setup;midpoint;climax,exploration;court_scene;battle,HISTORICAL,DRAMA,4,3,naturalistic,low,"nostalgia;indignation","self_vs_community;honesty_vs_corruption",major,community;national,warfare;social;institutional,4,ancient;middle_ages;19th_century;early_20th,ANCIENT_ROME;MIDDLE_AGES;GREAT_WAR;WW2_EUROPE,true,medium,"","PG-13;R",false,"Género exigente en documentación y diseño de producción; puede ser costoso pero de alto prestigio.",,"Elegir puntos de vista específicos (soldados, cortesanos, civiles) para evitar relato 'de manual'.",Alta demanda de vestuario y decorados; presupuesto medio-alto.,script_theory_extended,validated,"period;history;reconstruction",0.85,1
WAR,War,Bélico,GENRE,core_genre,narrative_frame,"Historias centradas explícitamente en conflictos armados.","Explorar camaradería, horror, estrategia y política del conflicto.",first_plot_point;midpoint;climax,battle;survival_sequence;Intimate_dialogue,WAR,DRAMA,5,4,naturalistic,low,"fear;pride","freedom_vs_oppression;self_vs_community",major,national;community,warfare;social,5,GREAT_WAR;WW2_EUROPE;WW2_PACIFIC;WW2_AFRICA;AMERICAN_CIVIL_WAR,GREAT_WAR;WW2_EUROPE;WW2_PACIFIC;WW2_AFRICA;DESERT_SETTINGS,true,medium,"war","R",true,"Género altamente sensible; funciona mejor cuando se posiciona éticamente (pro, crítico, ambiguo).",,"Dar tiempo a escenas de quietud y relación humana, no sólo combate.",Producción alta; extras, FX, vehículos y rodajes complejos.,script_theory_extended,validated,"war;battle;military",0.8,1
HORROR,Horror,Terror,GENRE,core_genre,narrative_frame,"Relatos diseñados para generar miedo, ansiedad o repulsión.","Trabajar miedos internos y externos; útil para metáforas sociales y psicológicas.",inciting_incident;first_plot_point;midpoint;climax,supernatural_event;survival_sequence;revelation,HORROR,THRILLER,4,4,heightened_stylized,low,"fear;panic","hope_vs_despair",major,personal;community,supernatural;social,3,20th_century;contemporary;fantasy,ANY_SETTING,true,medium,"violence;sexual_violence","R",true,"Género potente pero sensible; conviene definir subgénero (slasher, psicológico, folk, body horror).",,"Equilibrar susto y atmósfera; cuidar respeto en tratamiento de víctimas y traumas.",Producción variable; puede ser muy barato en localización única o costoso en FX.,script_theory_extended,validated,"horror;fear;monster",0.85,1
FANTASY,Fantasy,Fantasia,GENRE,core_genre,narrative_frame,"Historias con elementos mágicos, sobrenaturales o mundos imaginarios.","Permitir metáforas amplias, escapismo y épica; gran libertad de diseño.",setup;midpoint;climax,supernatural_event;battle;exploration,FANTASY,ADVENTURE,3,3,heightened_stylized,medium,"wonder;fear","self_vs_community",major,community;national,supernatural;warfare,4,fantasy;middle_ages;ancient,FANTASY_KINGDOM;ARTHURIAN_LEGENDS;SPACE,true,high,"","PG-13;R",false,"Género de alto concepto; coherencia interna de reglas de magia es clave.",,"Usar fantasía para hablar de temas reales (poder, prejuicio, trauma) evitando mero decorado.",Producción alta; FX, vestuario y sets específicos.,script_theory_extended,validated,"fantasy;magic;epic",0.9,1
SCIENCE_FICTION,Science Fiction,Ciencia ficción,GENRE,core_genre;narrative_frame,narrative_frame,"Relatos en los que tecnología o ciencia avanzada son centrales.","Explorar futuros, ucronías y dilemas éticos-tecnológicos.",setup;midpoint;climax,exploration;supernatural_event;confrontation,SCIENCE_FICTION,THRILLER,4,3,heightened_stylized,low,"curiosity;fear","self_vs_community;freedom_vs_oppression",major,global,warfare;social;supernatural,4,near_future;far_future,DYSTOPIAN_FUTURISTIC_CITY;SPACE,true,high,"","PG-13;R",false,"Género muy apto para crítica social y especulación; decidir si será 'hard' o 'soft' sci-fi.",,"Anclar la tecnología en necesidades humanas de los personajes, no sólo gadget por gadget.",FX/VFX, sets futuristas y diseño conceptual; presupuesto alto.,script_theory_extended,validated,"scifi;future;technology",0.9,1
CRIME_DRAMA,Crime Drama,Drama criminal,GENRE,core_genre;hybrid,narrative_frame,"Historias centradas en delitos, criminales y sistemas de justicia.","Combinar investigación, dilemas morales y retrato de entornos criminales.",inciting_incident;first_plot_point;midpoint;climax,investigation;trial_scene;confrontation,CRIME_DRAMA,THRILLER,4,3,naturalistic,low,"fear;indignation","justice_vs_injustice;honesty_vs_corruption",major,community;national,warfare;social;institutional,4,20th_century;contemporary,MODERN_AMERICAN_CITY;MODERN_EUROPEAN_CITY,true,medium,"violence;crime","PG-13;R",false,"Género muy popular; varía de policiaco clásico a noir o prestigio judicial.",,"Cuidar lógica de casos y representación de policías/jueces/criminales.",Producción medio-alta; localizaciones urbanas, juzgados, comisarías.,script_theory_extended,validated,"crime;police;court",0.9,1
NOIR,Noir,Noir,GENRE,style_genre;crime,narrative_frame,"Historias de crimen y moral gris con atmósfera fatalista.","Explorar ambigüedad, deseo y corrupción en mundos urbanos.",first_plot_point;midpoint;climax,Intimate_dialogue;confrontation;revelation,NOIR,CRIME_DRAMA,4,4,heightened_stylized,low,"despair;desire","honesty_vs_corruption",major,community;personal,internal;social,3,20th_century;contemporary,MODERN_AMERICAN_CITY;MODERN_EUROPEAN_CITY,true,medium,"sexual_content;violence","R",false,"Más una estética que un género puro; se reconoce por voz narrativa, iluminación, femme fatale, fatalismo.",,"Decidir si se hará noir clásico (B/N, época) o neo-noir contemporáneo.",Impacto en foto, diseño de producción y estilo de diálogo; presupuesto variable.,script_theory_extended,validated,"noir;crime;fatalism",0.8,1
ART_HOUSE,Art House,Cine de autor,GENRE,meta_genre;narrative_frame,narrative_frame,"Películas centradas en expresión autoral, experimentación formal y temática densa.","Priorizar exploración estética y de personajes sobre trama comercial clara.",setup;midpoint;climax,Intimate_dialogue;visual_motif;fragmented_narrative,DRAMA;ART_HOUSE,,4,3,naturalistic;heightened_stylized,low,"melancholy;curiosity","self_vs_community",major,personal;community,internal;social,3,variable,ANY_SETTING,true,medium,"","PG-13;R",false,"Etiqueta útil para ajustar expectativas de tono y ritmo; suele mezclar géneros clásicos bajo estética propia.",,"Permite finales abiertos, ritmos más lentos y estructuras no lineales.",Impacto en producción más estético que técnico; puede ser barata o cara según propuesta.,script_theory_extended,validated,"arthouse;festival;experimental",0.7,1
FAMILY,FAMILY,Infantil / familiar,GENRE,target_genre;narrative_frame,narrative_frame,"Historias diseñadas para público familiar (niños + adultos).","Ofrecer aventura, humor y lecciones morales accesibles.",setup;midpoint;climax,comic_relief;party_scene;supernatural_event,FAMILY;COMEDY;FANTASY,DRAMA,2,1,heightened_stylized,high,"joy;wonder","self_vs_community",major,personal;family,relational;social,2,20th_century;contemporary;fantasy,HOLIDAY_SETTINGS;FANTASY_KINGDOM,true,medium,"","PG",true,"Importante para filtros de contenido; exige cuidado en violencia, sexo y lenguaje.",,"Integrar moralejas a través de acciones y ejemplo, evitando discursos pesados.",Producción media; depende de FX y tamaño de reparto infantil.,script_theory_extended,validated,"family;kids;all_audiences",0.85,1
COMING_OF_AGE,Coming of Age,Relato de maduración,GENRE,character_genre;narrative_frame,narrative_frame,"Historias centradas en el paso a una nueva etapa (adolescencia, adultez, independencia).","Permitir explorar identidad, pertenencia y ruptura con figuras parentales.",setup;midpoint;climax,Intimate_dialogue;school_scene;community_event,COMING_OF_AGE,DRAMA,3,2,naturalistic,medium,"nostalgia;confusion","self_vs_community",major,personal;family,internal;relational,3,20th_century;contemporary,SMALL_TOWN_SETTINGS;MODERN_AMERICAN_TOWN;MODERN_EUROPEAN_TOWN,true,medium,"","PG-13",false,"Género muy flexible; suele mezclarse con romance, comedia o drama social.",,"Trabajar bien el 'momento de paso' simbólico (graduación, mudanza, primer trabajo).",Producción moderada; localizaciones de instituto, casa familiar, espacios juveniles.,script_theory_extended,validated,"coming_of_age;youth;identity",0.9,1
SATIRE,Satire,Sátira,GENRE,style_genre;narrative_frame,narrative_frame,"Historias que utilizan humor y exageración para criticar ideas, instituciones o comportamientos.","Combinar risa y reflexión crítica; muy sensible a contexto político-cultural.",setup;midpoint;climax,comic_relief;confrontation;montage,SATIRE;COMEDY,DRAMA,3,3,naturalistic;heightened_stylized,high,"indignation;amusement","self_vs_community;honesty_vs_corruption",major,community;national,internal;social;institutional,3,20th_century;contemporary,MODERN_AMERICAN_CITY;MODERN_EUROPEAN_CITY,true,medium,"","PG-13;R",true,"Etiqueta importante para calibrar riesgo de contenido político y recepción en distintos mercados.",,"Equilibrar la puntería de la crítica con la humanidad de los personajes.",Producción estándar; el peso está en guion y tono actoral.",script_theory_extended,validated,"satire;political;social_critique",0.75,1
SUPERHERO,Superhero,Superhéroes,GENRE,hybrid;high_concept,narrative_frame,"Historias centradas en personajes con poderes o habilidades extraordinarias como protectores o vigilantes.","Permite mezclar acción, fantasía y drama moral de forma muy comercial.",setup;midpoint;climax,action_setpiece;supernatural_event;Intimate_dialogue,SUPERHERO,ACTION;FANTASY,3,3,heightened_stylized,medium,"excitement;hope","justice_vs_injustice;self_vs_community",major,community;national;global,warfare;social;supernatural,4,near_future;contemporary;fantasy,DYSTOPIAN_FUTURISTIC_CITY;MODERN_AMERICAN_CITY;FANTASY_KINGDOM,true,high,"violence","PG-13;R",false,"Género muy codificado comercialmente; conviene mantener coherencia con expectativas de arco (origen, caída, redención).",,"Usar conflicto personal (identidad, responsabilidad) como columna vertebral bajo espectáculo.",Producción alta; FX, VFX, sets grandes y posible franquicia.,script_theory_extended,validated,"superhero;capes;powers",0.9,1
SLAPSTICK_COMEDY,Slapstick Comedy,Comedia slapstick,GENRE,subgenre;humor,narrative_frame,"Comedia centrada en humor físico exagerado y caos.","Priorizar gag visual sobre diálogo; apta para público amplio.",setup;midpoint;climax,slapstick;comic_relief,SLAPSTICK_COMEDY,COMEDY,2,1,heightened_stylized,very_high,"joy;embarrassment","self_vs_community",minor;major,personal;community,relational,2,20th_century;contemporary,ANY_SETTING,true,medium,"","PG;PG-13",false,"Subgénero específico; se beneficia de planificación minuciosa de coreografías físicas.",,"Cuidar seguridad en rodaje; escalonar intensidad de gags para no saturar.",Producción baja-moderada; decorados robustos, props, stunts ligeros.,script_theory_extended,validated,"slapstick;physical_humor;chaos",0.7,1
SPY_GENRE,Spy Genre,Cine de espías,GENRE,subgenre;thriller,narrative_frame,"Historias centradas en espionaje, agentes secretos y operaciones encubiertas.","Combinar intriga política, acción y juego de identidades.",first_plot_point;midpoint;climax,investigation;thrilling_chase;revelation,SPY_GENRE,THRILLER;ACTION,4,3,heightened_stylized,low,"fear;excitement","honesty_vs_corruption;freedom_vs_oppression",major,national;global,institutional;warfare,4,20th_century;near_future,MODERN_AMERICAN_CITY;DYSTOPIAN_FUTURISTIC_CITY,true,medium,"","PG-13;R",false,"Subgénero muy reconocible; se beneficia de ambientación internacional y gadgets.",,"Definir nivel de realismo vs fantasía (Bourne vs Bond).",Producción medio-alta; viajes, sets institucionales y escenas de acción.",script_theory_extended,validated,"spy;espionage;double_agent",0.85,1
